EPOCH_yyyy-mm-ddThh:mm:ss.sssZ,P+_VX_MOMENT_km/s,P+_VY_MOMENT_km/s,P+_VZ_MOMENT_km/s,P+_WPAR_MOMENT_km/s,P+_N_MOMENT_cm^{-3},BX_nT,BY_nT,BZ_nT
2003-11-20T00:01:12.248Z,-443.77,13.8583,-30.3427,61.7658,3.63443,-4.50061,-1.42497,1.65492
2003-11-20T00:02:49.401Z,-431.468,8.45127,-26.8771,76.8411,2.87789,-4.60287,-0.843551,1.37721
2003-11-20T00:04:26.554Z,-433.741,9.0647,-27.36,78.449,2.38412,-5.00291,-0.604163,0.860529
2003-11-20T00:06:03.707Z,-428.475,8.59441,-29.1389,69.1899,2.86521,-4.8581,-0.703512,0.440883
2003-11-20T00:07:40.861Z,-429.103,9.16198,-24.6847,70.6165,2.75868,-4.95705,-0.684132,0.052745
2003-11-20T00:09:18.014Z,-431.672,7.02279,-25.2612,77.5695,3.03311,-4.69997,-0.759946,-0.32404
2003-11-20T00:10:55.167Z,-436.634,-0.437425,-14.0193,73.834,3.29786,-4.77663,-0.788643,-1.11375
2003-11-20T00:12:32.320Z,-433.53,2.0441,-27.8554,73.3635,3.64495,-4.71277,-1.23146,-0.0118574
2003-11-20T00:14:09.473Z,-433.621,6.15761,-24.1144,72.1627,3.3594,-4.80752,-1.31725,-0.176184
2003-11-20T00:15:46.626Z,-432.112,5.38201,-20.0196,64.7308,4.16457,-5.21849,-1.2564,-0.499242
2003-11-20T00:17:23.779Z,-436.653,3.49424,-19.052,71.0134,3.72992,-5.00874,-1.01817,-0.986818
2003-11-20T00:19:00.932Z,-443.933,5.90461,-22.4879,72.6662,3.91042,-4.91585,-1.10881,-1.15457
2003-11-20T00:20:38.085Z,-445.66,-1.19889,-22.329,70.3428,3.92125,-4.73132,-0.57793,-1.59037
2003-11-20T00:22:15.238Z,-440.099,-1.05595,-23.2576,66.1373,4.03189,-4.53424,-0.295258,-1.70096
2003-11-20T00:23:52.391Z,-437.21,1.35393,-17.0945,68.9057,3.80678,-4.48949,-0.721105,-1.97767
2003-11-20T00:25:26.509Z,-435.67,1.36075,-14.7007,65.8008,4.10638,-4.3146,-0.479891,-2.35776
2003-11-20T00:27:03.662Z,-434.686,5.16183,-11.6539,61.9818,4.31197,-4.04589,-0.325497,-2.14519
2003-11-20T00:28:40.815Z,-438.488,6.26865,-8.51198,60.6672,4.17504,-3.78891,-0.142601,-2.46759
2003-11-20T00:30:17.968Z,-436.176,3.47088,-9.26335,61.9295,4.20993,-3.90097,-0.131281,-2.39184
2003-11-20T00:31:55.121Z,-436.385,-0.0454272,-10.8417,59.3817,4.83355,-3.38404,0.0543607,-2.71948
2003-11-20T00:33:32.274Z,-436.016,1.20076,-12.3255,57.952,5.08111,-3.07355,0.196029,-3.01565
2003-11-20T00:35:09.427Z,-437.92,-0.0403975,-6.69768,56.5711,5.31145,-3.10351,0.120515,-3.29854
2003-11-20T00:36:46.580Z,-436.205,0.477323,-10.6446,57.1365,5.15768,-3.13805,-0.0200742,-3.49245
2003-11-20T00:38:23.733Z,-435.593,-2.88542,-9.6844,55.2812,5.27008,-3.21738,-0.0147143,-3.55848
2003-11-20T00:40:00.886Z,-439.715,-5.21942,-10.2577,57.0208,5.31046,-3.22162,0.153171,-3.78817
2003-11-20T00:41:38.039Z,-439.176,-6.29065,-12.1018,59.0026,5.48942,-3.20556,-0.344871,-4.03591
2003-11-20T00:43:15.193Z,-440.896,2.23628,-12.2647,52.4223,5.22023,-3.07441,-1.03051,-4.42324
2003-11-20T00:44:52.346Z,-441.257,14.2552,-12.9489,56.1854,4.88106,-2.68795,-1.77913,-4.42915
2003-11-20T00:46:29.499Z,-440.683,-14.3791,-21.396,74.7548,3.55485,-1.23591,0.199213,-1.19293
2003-11-20T00:48:06.652Z,-463.361,2.7647,-19.2011,57.0527,3.26668,-1.49086,1.75609,4.62845
2003-11-20T00:49:43.805Z,-445.904,-3.11522,-17.4113,70.0915,3.44049,-0.267036,0.820495,4.79301
2003-11-20T00:51:20.958Z,-449.881,-4.39426,-23.0888,61.2058,3.04752,-1.33242,1.40646,4.63214
2003-11-20T00:52:58.111Z,-447.596,-2.7403,-19.7691,66.8592,2.8249,-1.2273,1.82013,4.34569
2003-11-20T00:54:35.264Z,-450.594,-1.97061,-25.2595,55.4238,3.22286,-0.921802,1.52731,4.32831
2003-11-20T00:56:12.417Z,-452.259,-5.26844,-23.2966,70.6257,3.44846,-0.677002,1.69507,4.30282
2003-11-20T00:57:49.570Z,-445.519,-2.18849,-33.907,59.897,3.51939,-0.562192,2.11836,4.56318
2003-11-20T00:59:26.724Z,-428.075,-9.09285,-13.2159,84.3326,3.42139,-0.08031,1.79803,3.76149
2003-11-20T01:01:03.877Z,-424.111,-8.26758,-15.6611,81.159,3.39571,0.00277996,1.97839,3.53996
2003-11-20T01:02:41.030Z,-422.946,-4.90482,-20.6144,79.0197,3.51476,0.0500685,2.08604,2.67367
2003-11-20T01:04:18.183Z,-421.335,0.879247,-15.2725,78.89,3.64621,-0.00905568,2.86572,2.66784
2003-11-20T01:05:55.336Z,-422.117,3.84875,-19.4305,75.9236,3.88804,0.00326644,2.78887,1.8411
2003-11-20T01:07:32.489Z,-417.361,1.7578,-22.8223,85.3369,3.10078,-0.169463,2.65064,1.73348
2003-11-20T01:09:09.642Z,-422.772,-0.813946,-11.917,79.2158,3.39374,-3.20448,1.00048,1.49625
2003-11-20T01:10:46.795Z,-420.036,-11.0896,-14.5879,58.8038,5.62747,-3.70146,0.00473029,2.86991
2003-11-20T01:12:23.948Z,-407.013,-3.69183,4.62876,57.383,5.49807,-3.3748,1.40634,2.696
2003-11-20T01:14:01.101Z,-422.301,-19.5792,1.337,64.881,4.29547,-2.5163,1.48567,2.79525
2003-11-20T01:15:38.254Z,-407.852,-24.2154,-22.7832,49.5457,3.21942,-0.622396,-0.320096,3.80656
2003-11-20T01:17:15.408Z,-411.026,-31.3738,-2.86481,113.896,2.52529,0.576906,-0.00851512,3.17701
2003-11-20T01:18:52.561Z,-388.202,-17.6137,-21.4955,64.2488,2.3717,2.27475,2.00396,0.867124
2003-11-20T01:20:29.714Z,-399.954,-6.1296,-29.4418,78.2282,2.04251,1.31118,2.5515,-0.10644
2003-11-20T01:22:06.867Z,-418.033,-3.92814,-35.4597,86.4466,2.35939,1.30342,3.48088,-0.849752
2003-11-20T01:23:44.020Z,-412.715,-9.64878,-46.5717,73.9624,2.31899,2.36963,3.32811,-1.13004
2003-11-20T01:26:58.326Z,-374.497,-21.3086,-46.5249,69.4009,1.86761,3.63428,1.55642,-0.0386317
2003-11-20T01:28:35.479Z,-391.11,-8.70752,-36.7704,74.0909,2.25914,3.1275,2.18073,0.46024
2003-11-20T01:30:12.632Z,-421.239,7.87423,-31.9329,78.7026,2.6723,-0.0650456,2.95656,1.13918
2003-11-20T01:31:49.785Z,-423.815,3.446,-38.1964,79.0788,2.76557,-0.516368,2.99597,1.72369
2003-11-20T01:33:26.939Z,-433.679,1.60392,-32.4608,69.4234,3.60938,-1.48195,2.64337,2.35594
2003-11-20T01:35:04.092Z,-429.997,-3.5638,-34.0441,67.9946,3.55512,-1.77255,2.41101,2.9507
2003-11-20T01:36:41.245Z,-436.999,-3.3075,-29.7425,62.4279,3.47797,-2.38301,1.20699,3.43512
2003-11-20T01:38:18.398Z,-443.491,-0.992846,-30.7077,59.3349,4.21131,-2.17839,0.259065,3.60368
2003-11-20T01:39:55.551Z,-439.783,4.75901,-25.2698,63.9926,3.95744,-2.58903,-0.308098,3.26684
2003-11-20T01:41:32.704Z,-432.621,3.62441,-25.9722,58.7666,4.09661,-2.46648,-0.449058,3.45356
2003-11-20T01:43:09.857Z,-423.442,-1.82378,-22.863,65.5778,4.11352,-2.97365,-0.518735,3.18981
2003-11-20T01:44:47.010Z,-427.085,-1.05924,-22.6892,57.3619,4.34535,-3.12519,-0.831997,3.48811
2003-11-20T01:46:24.163Z,-425.122,-2.37813,-20.6456,58.7659,4.37096,-3.21946,-1.05074,3.30514
2003-11-20T01:48:01.316Z,-422.726,0.871841,-10.6482,59.7353,4.49546,-3.60429,-1.71262,2.01712
2003-11-20T01:49:38.469Z,-434.808,-1.58088,6.85316,70.3046,4.2271,-3.60765,-0.895605,1.07598
2003-11-20T01:51:15.623Z,-429.582,-19.8166,-8.8309,72.7869,2.31513,1.58619,2.97499,1.98283
2003-11-20T01:52:52.776Z,-419.821,-7.23278,-14.569,86.4133,2.22391,1.53793,2.98879,1.06297
2003-11-20T01:54:29.929Z,-401.973,-2.98853,-34.1178,79.7394,2.11346,1.76809,2.15236,0.266808
2003-11-20T01:56:07.082Z,-409.051,9.6593,-33.4354,79.1853,3.07389,0.734932,2.04945,0.645118
2003-11-20T01:57:44.235Z,-386.979,-8.31005,-37.3778,72.644,2.69933,1.51455,1.52022,0.372247
2003-11-20T02:00:58.541Z,-388.887,10.4403,-28.4653,86.4276,2.74064,1.19534,2.09082,1.27355
2003-11-20T02:02:35.694Z,-404.565,-4.05582,-22.6657,92.912,3.23735,0.659985,1.59474,2.43973
2003-11-20T02:04:12.847Z,-402.016,3.6861,-13.9203,60.3919,3.3289,0.749828,1.55736,1.44807
2003-11-20T02:05:50.001Z,-411.409,-5.62994,-22.3059,52.7548,3.15899,-0.439927,0.940363,2.79647
2003-11-20T02:07:27.154Z,-424.127,-14.3686,-29.2845,72.2696,3.84906,-2.01177,0.545226,1.96428
2003-11-20T02:09:04.307Z,-423.888,0.37542,-25.4967,69.8184,3.83357,-2.35526,1.24364,2.40696
2003-11-20T02:10:41.460Z,-423.897,-11.0098,-24.0726,68.5422,4.10645,-3.29438,0.917439,2.39777
2003-11-20T02:12:18.613Z,-424.422,-11.6132,-25.3481,69.0215,3.89102,-2.41764,0.97885,2.38313
2003-11-20T02:13:55.766Z,-419.194,-12.3765,-28.8392,68.5826,4.0567,-2.08707,0.756421,3.39397
2003-11-20T02:15:32.919Z,-426.802,-12.5369,-30.6562,75.3924,4.24384,-2.95644,0.901542,2.23182
2003-11-20T02:17:10.072Z,-419.183,-12.038,-25.696,74.6825,3.70255,-2.45653,1.03282,2.03231
2003-11-20T02:18:47.225Z,-425.221,-16.4455,-29.0161,73.8604,4.58173,-3.84375,0.350473,2.16091
2003-11-20T02:20:24.378Z,-429.11,-25.2367,-28.0418,75.1364,4.53143,-2.19384,1.12526,2.65287
2003-11-20T02:22:01.532Z,-432.648,-20.4691,-26.1641,75.8566,5.33716,-3.00162,1.45027,3.27729
2003-11-20T02:23:38.685Z,-425.794,-16.3792,-28.2678,73.314,5.42279,-3.23535,1.14223,3.01222
2003-11-20T02:25:15.838Z,-424.869,-13.7998,-30.6268,77.0163,4.89911,-3.62368,0.882522,2.22233
2003-11-20T02:26:52.991Z,-424.797,-9.106,-33.0947,75.9599,5.61178,-4.97227,0.531938,1.35868
2003-11-20T02:28:30.144Z,-422.398,-17.0789,-34.5127,72.4095,5.45809,-4.48194,0.518822,2.23027
2003-11-20T02:30:07.297Z,-397.313,-7.03432,-34.8036,65.199,4.04075,2.17883,2.4998,1.34275
2003-11-20T02:31:44.450Z,-404.95,-1.31702,-38.9423,62.4388,3.87693,0.809503,2.23139,1.4754
2003-11-20T02:33:21.603Z,-393.446,-19.239,-59.9199,69.0518,3.95863,1.75057,2.51924,0.374293
2003-11-20T02:34:58.756Z,-421.112,2.09225,-41.9921,88.8145,4.20887,-0.429381,2.70646,1.72964
2003-11-20T02:36:35.910Z,-426.863,-1.38064,-37.3108,80.276,4.1725,-1.11564,3.06458,2.1268
2003-11-20T02:38:13.063Z,-432.281,-16.485,-47.6154,73.0356,4.52081,-2.39856,3.16724,3.35947
2003-11-20T02:39:50.216Z,-437.886,-10.4511,-24.7325,53.7922,5.50382,-5.84995,-2.05997,2.86209
2003-11-20T02:41:27.369Z,-440.403,-11.8325,-44.0028,60.4977,4.76453,-5.33072,-1.74177,3.44168
2003-11-20T02:43:04.522Z,-431.543,-1.17737,-37.9577,56.0539,4.90142,-5.14908,-1.85755,2.67823
2003-11-20T02:44:41.675Z,-430.472,-3.28929,-39.3654,60.0436,4.54217,-5.21866,-1.40207,2.90028
2003-11-20T02:46:15.792Z,-425.941,-5.60705,-42.2235,61.4191,4.67157,-5.0894,-1.04525,2.86626
2003-11-20T02:47:52.945Z,-432.67,-4.14873,-44.4603,66.8433,4.58317,-4.93582,-1.0831,3.13991
2003-11-20T02:49:30.098Z,-433.819,-7.06326,-45.3583,67.6763,4.77382,-4.69861,-0.862817,3.69816
2003-11-20T02:51:07.251Z,-434.228,-4.74772,-40.8509,62.7106,4.5682,-4.63359,-1.02451,3.69547
2003-11-20T02:52:44.405Z,-446.618,-2.70224,-44.2622,65.0703,4.77527,-4.31626,-0.896988,3.92425
2003-11-20T02:54:21.558Z,-432.234,-11.0686,-43.8659,71.2626,3.9478,-4.45257,-0.0784825,3.2811
2003-11-20T02:55:58.711Z,-432.763,-11.4574,-38.774,71.8934,4.09916,-4.10515,-0.411044,3.55086
2003-11-20T02:57:35.864Z,-434.859,-4.0009,-41.1916,63.5517,4.56469,-4.23326,-0.772733,3.62607
2003-11-20T02:59:13.017Z,-438.696,-7.03241,-36.8255,69.1292,4.22841,-3.89488,-0.11965,3.83471
2003-11-20T03:00:50.170Z,-437.939,-4.50982,-38.0011,68.8781,3.96949,-3.81451,-0.161152,3.86712
2003-11-20T03:02:27.323Z,-432.201,-0.668052,-36.6888,66.1396,4.34838,-3.99285,-0.400737,3.52629
2003-11-20T03:04:04.476Z,-435.969,2.04995,-41.6464,68.7264,4.04677,-4.20399,-0.678847,3.00232
2003-11-20T03:05:41.630Z,-438.422,-0.140014,-38.4311,67.1163,3.63709,-4.00679,-0.29708,2.94422
2003-11-20T03:07:18.783Z,-435.442,-3.00267,-35.2217,68.4741,3.93788,-4.41378,-0.485162,2.8855
2003-11-20T03:08:55.936Z,-434.613,-6.7854,-41.6026,68.8498,4.30208,-4.5966,-0.727271,3.09226
2003-11-20T03:10:33.089Z,-435.31,-7.10075,-39.7717,66.7685,4.54896,-4.3774,-0.380209,3.70258
2003-11-20T03:12:10.242Z,-435.965,-3.8105,-43.7343,66.7735,4.6468,-4.67068,-0.927276,3.15248
2003-11-20T03:13:47.395Z,-437.672,3.06297,-43.8635,66.4499,4.76,-4.63209,-0.930909,2.91558
2003-11-20T03:15:24.548Z,-435.071,7.68649,-41.0975,63.3364,4.90395,-4.48815,-0.723885,3.00623
2003-11-20T03:17:01.701Z,-436.984,3.64158,-45.2142,60.2442,4.86874,-4.59457,-0.483368,3.09547
2003-11-20T03:18:38.854Z,-442.994,-1.46342,-48.6145,57.5866,4.98084,-4.42378,0.0794925,3.5948
2003-11-20T03:20:16.007Z,-442.732,-6.04875,-39.9782,54.2602,4.95083,-4.56567,0.422534,3.90195
2003-11-20T03:21:53.161Z,-443.769,7.65437,-39.2786,50.7073,5.84589,-4.51321,-0.446161,4.1834
2003-11-20T03:23:30.314Z,-442.381,10.3661,-38.6757,49.9484,6.29473,-4.90671,0.350952,4.01081
2003-11-20T03:25:07.467Z,-445.42,18.0364,-39.8214,49.8498,6.58122,-4.62586,-0.704144,4.0516
2003-11-20T03:26:44.620Z,-428.577,-11.0151,-25.8731,69.6527,4.82986,-2.37726,2.26561,-1.86195
2003-11-20T03:28:21.773Z,-416.214,-4.95675,-35.1003,66.279,4.67244,-0.340595,3.62042,-3.39386
2003-11-20T03:29:58.926Z,-414.75,-0.0870755,-42.9896,73.6985,4.69566,-1.1103,3.1997,-1.77776
2003-11-20T03:31:36.079Z,-421.36,-4.05867,-36.2476,81.9155,4.19452,-1.82845,3.07077,-0.652544
2003-11-20T03:33:13.233Z,-414.025,-11.3262,-37.1371,82.5178,3.6803,-2.17372,2.17526,-1.01992
2003-11-20T03:34:50.386Z,-417.715,-2.71035,-48.6879,80.9244,3.37798,-2.08143,2.4257,-0.793436
2003-11-20T03:36:27.539Z,-424.077,-15.9346,-28.7458,79.2449,4.67511,-2.97804,1.16226,0.710228
2003-11-20T03:38:04.692Z,-424.874,-11.1754,-35.1944,79.5675,4.4345,-1.97029,0.660716,2.1599
2003-11-20T03:39:41.845Z,-399.601,-10.3227,-24.5321,63.4418,4.02201,-2.63582,1.75906,2.62625
2003-11-20T03:41:18.998Z,-412.275,-13.5024,-48.6585,81.5049,3.90346,-3.83451,0.942781,1.3589
2003-11-20T03:42:56.151Z,-410.478,-15.6836,-24.0462,75.9028,3.8902,-3.69799,0.679968,2.51729
2003-11-20T03:44:33.304Z,-409.112,-17.9061,-39.0911,75.6634,3.99413,-3.30587,1.39804,2.40499
2003-11-20T03:46:10.457Z,-404.934,-25.9279,-41.0648,88.2681,2.88746,-2.58846,1.6773,-0.297365
2003-11-20T03:47:47.610Z,-410.045,-17.2009,-37.1373,91.3968,3.01617,-2.19054,0.0221643,1.48462
2003-11-20T03:49:24.764Z,-416.737,-18.3237,-52.1365,77.8898,3.48327,-2.03949,-0.00774737,2.45024
2003-11-20T03:51:01.917Z,-424.864,-16.9491,-41.6306,92.4262,3.32623,-3.3927,-0.874929,1.3936
2003-11-20T03:55:53.376Z,-424.463,-29.4072,-36.8705,81.707,3.09594,-3.6319,0.0754908,0.573378
2003-11-20T03:57:30.529Z,-428.514,-33.4098,-36.9076,83.9837,3.14051,0.697768,-0.169533,-1.06028
2003-11-20T03:59:07.682Z,-431.211,-26.9793,-39.4648,90.4996,3.44552,0.233891,0.139912,-0.770478
2003-11-20T04:00:44.835Z,-410.608,-31.4916,-39.7318,91.4134,3.03743,-2.83127,-0.991401,0.346299
2003-11-20T04:02:21.989Z,-397.946,-23.6924,-47.8283,78.6594,3.10721,-4.39797,-1.42442,1.03101
2003-11-20T04:03:59.142Z,-397.082,-17.0652,-44.329,79.2213,3.26978,-3.75191,-1.12329,0.629327
2003-11-20T04:05:36.295Z,-396.101,-23.365,-35.9416,89.1303,2.82412,-2.01726,1.33722,-1.63021
2003-11-20T04:07:13.448Z,-397.547,-23.5239,-36.2819,90.9207,2.64067,-0.928968,2.42663,-1.74125
2003-11-20T04:08:50.601Z,-412.101,0.322327,-50.1153,90.0059,2.93505,0.252692,2.44873,-0.970491
2003-11-20T04:10:27.754Z,-406.009,-11.1192,-57.1786,82.1975,3.12926,0.0721389,0.203863,-1.11951
2003-11-20T04:12:04.907Z,-403.392,-11.2072,-50.3113,90.6312,2.83028,0.162943,0.608529,-1.12572
2003-11-20T04:13:42.060Z,-406.154,-20.0508,-40.4752,88.4139,3.14755,-0.107101,1.21441,-0.533675
2003-11-20T04:15:19.214Z,-415.318,-24.3794,-46.0769,85.6037,3.6957,-0.31059,1.33418,-0.655679
2003-11-20T04:16:56.367Z,-407.079,-22.7016,-40.7087,87.0489,2.94524,0.685839,1.0578,-0.938766
2003-11-20T04:18:33.520Z,-412.511,-44.2764,-46.5452,90.7493,2.7364,2.10713,2.37272,-0.858323
2003-11-20T04:20:10.673Z,-406.253,-37.0135,-36.9761,89.3866,2.69608,2.22398,2.06012,-1.57731
2003-11-20T04:21:47.826Z,-419.959,-28.8364,-51.012,93.101,3.0051,3.60256,2.63235,-2.32286
2003-11-20T04:23:24.979Z,-415.53,-20.3587,-27.8398,89.1503,3.26206,-1.43205,1.17216,2.66007
2003-11-20T04:26:39.285Z,-423.92,-38.2461,-48.5996,87.0612,3.95355,-1.48893,1.01114,-1.71718
2003-11-20T04:28:16.438Z,-441.894,-25.2746,-43.7079,59.1172,3.1874,0.752719,-0.306875,-4.1233
2003-11-20T04:29:53.592Z,-454.749,-15.0829,-49.7909,81.3784,3.54539,0.751371,0.123067,-4.40547
2003-11-20T04:31:30.745Z,-455.422,-22.2993,-39.1819,81.7988,3.60804,0.675649,0.123711,-4.37818
2003-11-20T04:33:07.898Z,-449.188,-18.4925,-40.8529,82.4212,3.66171,1.2936,1.1086,-4.15757
2003-11-20T04:34:45.051Z,-451.681,-26.4321,-46.7845,82.9134,3.65495,1.88756,1.80545,-3.50259
2003-11-20T04:36:22.204Z,-447.539,-22.0255,-40.8831,83.0852,3.74318,1.90869,1.83684,-3.43193
2003-11-20T04:37:59.357Z,-448.495,-14.5963,-37.8511,80.1354,3.94931,2.01178,2.09851,-3.17923
2003-11-20T04:39:36.510Z,-450.484,-13.3031,-34.6249,77.2726,4.25805,2.7088,2.19539,-2.76774
2003-11-20T04:41:13.663Z,-448.122,-17.3841,-33.0562,74.5276,4.63226,2.58766,2.32032,-2.96558
2003-11-20T04:42:50.817Z,-449.566,-12.7768,-30.1188,76.0966,4.71727,2.23864,2.44724,-3.45928
2003-11-20T04:44:27.970Z,-445.334,-19.7712,-24.6828,80.3627,4.71292,1.31503,2.82468,-3.797
2003-11-20T04:46:05.123Z,-436.734,-16.1402,-35.0191,77.4303,3.29291,0.989546,2.21299,-1.68824
2003-11-20T04:47:42.276Z,-426.894,-7.84631,-40.7877,80.9808,3.76337,1.44116,2.00172,-1.72677
2003-11-20T04:49:19.429Z,-407.932,-14.6137,-25.6703,84.0899,4.12575,0.691516,2.07312,-1.70564
2003-11-20T04:50:56.582Z,-413.492,-15.2304,-23.6649,77.9665,4.7636,0.400631,2.70892,-2.34064
2003-11-20T04:52:33.735Z,-412.134,-7.35093,-20.0334,76.9707,4.60325,-0.00490801,2.87843,-2.35116
2003-11-20T04:54:10.888Z,-410.753,-4.65514,-28.0364,73.462,5.08074,-0.170998,2.87244,-2.45608
2003-11-20T04:55:45.006Z,-414.328,-13.7803,-27.3813,77.5836,5.10795,-0.632849,2.50823,-2.25026
2003-11-20T04:57:22.159Z,-407.899,-11.9795,-25.7456,67.496,5.1851,-0.958125,2.5357,-2.69442
2003-11-20T04:58:59.312Z,-399.544,-6.98801,-26.6789,66.0616,4.94333,0.364319,1.75657,-1.895
2003-11-20T05:00:36.465Z,-403.197,-1.40162,-19.8962,68.6976,4.97964,0.576128,2.76214,-1.96556
2003-11-20T05:02:13.618Z,-405.788,-12.5306,-28.8342,72.5636,4.81298,0.319987,2.42354,-2.64579
2003-11-20T05:03:50.771Z,-413.501,-11.7435,-29.7863,63.6438,4.819,-0.607753,2.36402,-2.73735
2003-11-20T05:05:27.924Z,-413.153,-14.2066,-25.4264,56.3682,5.20977,-1.06833,2.31446,-2.74505
2003-11-20T05:07:05.077Z,-423.605,-19.938,-23.7266,72.3465,5.16488,-1.25439,2.47325,-2.56973
2003-11-20T05:08:42.231Z,-415.947,-32.1286,-16.1958,71.4634,4.45745,-2.28679,2.12991,-3.0223
2003-11-20T05:10:19.384Z,-408.324,-23.2804,-20.1819,61.8035,4.69545,-1.2338,2.05056,-2.97582
2003-11-20T05:11:56.537Z,-406.332,-34.8114,-16.1227,71.0027,3.97022,-1.88629,1.77512,-3.23215
2003-11-20T05:13:33.690Z,-403.189,-24.1403,-21.4839,85.357,3.52305,1.89754,3.10322,-2.21735
2003-11-20T05:15:10.843Z,-408.845,-24.4593,-24.2236,75.8275,3.86882,1.82971,2.58255,-1.78397
2003-11-20T05:16:47.996Z,-396.647,-27.8869,-31.5038,75.0955,3.40467,2.19971,2.32303,-2.15367
2003-11-20T05:18:25.149Z,-403.852,-22.8338,-53.1538,74.3246,4.22942,2.38317,2.75429,-0.912783
2003-11-20T05:20:02.302Z,-423.512,-22.8202,-41.7292,78.4388,4.50459,1.85811,3.23163,-3.4126
2003-11-20T05:21:39.456Z,-448.973,-3.46047,-26.8884,81.4206,4.37346,1.04843,4.66698,-2.50669
2003-11-20T05:23:16.609Z,-458.705,-21.5003,-44.7844,74.9907,3.46145,-1.24073,4.71492,-1.61477
2003-11-20T05:24:53.762Z,-465.468,-22.8036,-7.89325,71.8606,4.67518,0.915269,4.09037,-4.16393
2003-11-20T05:26:30.915Z,-458.349,-11.3158,-7.40718,60.2639,4.66712,1.82325,2.47473,-5.95484
2003-11-20T05:28:08.068Z,-453.609,-12.9134,-4.18336,73.0994,4.70121,1.65099,1.65876,-5.94846
2003-11-20T05:29:45.221Z,-454.92,-14.3557,-3.04877,58.1397,4.61249,1.20087,0.752777,-6.12629
2003-11-20T05:31:22.374Z,-451.444,-13.597,-7.94175,70.8186,4.76251,1.08007,0.907411,-6.25545
2003-11-20T05:32:59.527Z,-460.519,-19.3036,-1.4237,104.578,4.96792,0.0939353,0.271135,-6.30452
2003-11-20T05:34:36.681Z,-458.615,-22.6539,-21.3088,89.5723,3.37824,1.55813,1.42697,-5.37054
2003-11-20T05:36:13.834Z,-456.718,-15.2318,-26.0802,75.6115,3.36932,3.5786,2.15083,-3.26937
2003-11-20T05:37:50.987Z,-447.823,-13.257,-28.9866,70.1174,2.96907,4.45684,2.31692,-1.35084
2003-11-20T05:39:28.140Z,-453.932,-5.04918,-17.8943,73.9294,3.29271,4.29913,1.93046,-1.30584
2003-11-20T05:41:05.293Z,-447.634,-3.96859,-30.9094,69.7288,3.05015,4.64352,2.08349,-0.370459
2003-11-20T05:42:42.446Z,-445.885,-5.86677,-23.117,75.245,3.36825,3.97626,2.43897,-1.36515
2003-11-20T05:44:19.599Z,-452.758,-10.6573,-8.49902,68.2528,4.31813,1.34254,3.19135,-3.68601
2003-11-20T05:45:56.753Z,-433.074,-11.3673,-3.33376,56.7574,4.82188,-1.58337,1.99838,-4.65178
2003-11-20T05:47:33.906Z,-429.028,10.1408,-9.74253,48.8748,5.26598,-2.98122,0.572063,-4.40758
2003-11-20T05:49:11.059Z,-433.058,-11.6143,-6.52262,67.9799,4.03533,-1.34221,3.61254,-3.39119
2003-11-20T05:50:48.212Z,-439.239,-17.0302,-5.0242,73.3409,3.97485,-0.780679,3.74304,-3.29773
2003-11-20T05:52:25.365Z,-436.752,-13.0961,-5.55161,79.257,4.21261,-0.342268,3.46496,-3.8074
2003-11-20T05:54:02.518Z,-443.873,-17.5401,-10.812,80.6342,4.08095,-0.194652,3.45958,-3.4736
2003-11-20T05:55:39.671Z,-444.389,-19.3992,-10.6914,83.3212,4.15782,0.0611629,3.6128,-3.26767
2003-11-20T05:57:16.824Z,-439.652,-14.6689,-12.2837,78.9841,4.0054,0.281964,3.70842,-3.61422
2003-11-20T05:58:53.977Z,-440.335,-12.0564,-12.5895,83.9251,4.27668,0.245449,3.83514,-3.59216
2003-11-20T06:00:31.131Z,-444.111,-8.71645,-18.1665,77.8663,4.49392,0.290022,4.15261,-3.41444
2003-11-20T06:02:08.284Z,-440.819,-12.803,-3.33876,78.9976,3.72171,-0.995311,4.31825,-2.73876
2003-11-20T06:03:45.437Z,-438.404,-20.5992,-7.34298,77.4139,3.68747,-0.832043,4.8215,-2.21195
2003-11-20T06:05:22.590Z,-444.928,-20.4043,-8.15469,84.8213,3.66209,-0.407622,5.0443,-2.33257
2003-11-20T06:08:36.896Z,-449.909,-18.9708,-8.15463,74.8814,3.68824,-0.528019,4.90475,-2.7502
2003-11-20T06:10:14.049Z,-442.441,-16.6745,-10.4994,72.1376,4.43102,-1.26293,3.75069,-3.72925
2003-11-20T06:11:51.203Z,-428.997,-19.9277,-6.67967,67.7219,3.9615,-0.619428,3.49788,-3.37545
2003-11-20T06:13:28.356Z,-434.685,-20.5539,-31.9039,77.7142,3.30539,2.56395,3.73692,-1.02779
2003-11-20T06:15:05.509Z,-440.083,-10.4936,-14.6497,70.9549,3.61622,2.87993,4.27094,-0.687435
2003-11-20T06:16:42.662Z,-440.943,-16.6526,-10.7619,72.1117,4.49486,2.26967,4.44571,-2.38668
2003-11-20T06:18:19.815Z,-442.991,-16.885,-15.2297,78.9559,4.18893,1.89547,4.65828,-2.43357
2003-11-20T06:19:56.968Z,-444.408,-15.8649,-12.3701,77.5303,4.03517,1.70293,4.65847,-2.85578
2003-11-20T06:21:34.121Z,-443.364,-6.318,-14.96,81.7261,3.94308,1.89741,4.73427,-2.78853
2003-11-20T06:23:11.274Z,-444.638,-15.3745,-12.6758,77.6643,3.71733,1.89242,4.87726,-2.59604
2003-11-20T06:24:48.428Z,-444.922,-12.5261,-7.06608,82.7248,3.82619,1.58624,4.9999,-2.86629
2003-11-20T06:26:25.581Z,-449.918,-9.79284,-16.275,81.9735,3.87177,1.45485,4.98518,-3.11419
2003-11-20T06:28:02.734Z,-453.328,-9.34388,-15.5989,77.6285,3.96853,1.74817,4.73563,-2.97746
2003-11-20T06:29:39.887Z,-448.093,-12.4118,-22.8192,80.4658,3.50202,1.50488,4.72695,-3.53797
2003-11-20T06:31:17.040Z,-443.146,-23.0653,-4.42178,58.1073,4.34526,-0.231291,3.2086,-4.4272
2003-11-20T06:32:54.193Z,-429.999,-15.0379,-4.20811,62.5531,4.92503,-1.96663,2.17435,-5.27599
2003-11-20T06:34:31.346Z,-432.195,-20.4048,-9.33568,69.4746,4.64685,-1.69552,2.59092,-5.03188
2003-11-20T06:36:08.499Z,-426.146,-23.0099,-6.57441,63.8705,4.69616,-2.21613,2.36524,-4.90497
2003-11-20T06:37:45.653Z,-429.708,-24.6071,-2.88711,67.0265,4.56848,-1.7862,2.34978,-4.9699
2003-11-20T06:39:22.806Z,-422.943,-22.1011,2.2803,64.8572,4.73742,-2.61304,1.53219,-5.1005
2003-11-20T06:40:59.959Z,-440.838,-25.4629,-6.30488,74.2681,4.01349,-0.233012,2.48221,-4.25871
2003-11-20T06:42:37.112Z,-440.037,-22.8967,2.83611,56.7367,4.42649,-0.46397,1.39142,-3.9686
2003-11-20T06:44:14.265Z,-428.659,-21.6733,-0.590428,49.2226,3.34923,-0.049984,3.18124,-2.41333
2003-11-20T06:45:51.418Z,-436.325,-18.2479,-9.03151,79.8637,2.9937,0.866448,4.26478,-1.28793
2003-11-20T06:47:28.571Z,-429.542,-10.5616,-9.66454,74.5928,3.05631,1.42554,4.3884,-1.36849
2003-11-20T06:49:05.725Z,-427.029,-14.2902,-10.2712,81.436,3.5179,-0.338326,3.61037,-2.47749
2003-11-20T06:50:42.878Z,-425.683,-12.6977,-10.8028,84.2887,3.76998,0.317899,4.19566,-2.67013
2003-11-20T06:52:20.031Z,-429.757,-10.8122,-10.6477,81.2832,4.04486,-0.898274,3.45937,-2.94034
2003-11-20T06:53:57.184Z,-429.83,-7.49023,-7.30407,74.7615,4.34037,-2.0297,2.93122,-3.77161
2003-11-20T06:55:34.337Z,-427.672,-15.6622,-1.22096,72.9806,3.88495,-1.82741,3.14231,-4.22403
2003-11-20T06:57:11.490Z,-429.888,-17.6936,-5.70548,68.3743,4.15917,-1.59054,3.10054,-4.16071
2003-11-20T06:58:48.643Z,-433.73,-14.5719,-9.03003,68.4535,4.5426,-2.26574,1.92989,-4.66636
2003-11-20T07:00:25.797Z,-432.075,-15.8507,-9.46278,69.3669,4.59667,-1.76717,2.12814,-4.59361
2003-11-20T07:02:02.950Z,-426.54,-5.56304,-12.7674,67.3654,5.28344,-3.12597,0.896318,-4.52597
2003-11-20T07:03:40.103Z,-429.644,-15.526,-9.62731,74.5424,4.12792,-1.91411,2.78302,-4.28357
2003-11-20T07:05:17.256Z,-428.702,-12.5328,-14.3953,67.23,4.75519,-2.39116,2.49989,-4.2628
2003-11-20T07:06:54.409Z,-428.415,-15.5274,-7.08393,73.7887,4.48418,-1.95341,2.50822,-4.81905
2003-11-20T07:08:31.562Z,-427.271,-5.96971,-1.12338,68.393,5.02918,-2.88364,1.39187,-5.13711
2003-11-20T07:10:05.679Z,-428.858,-9.94803,-8.41662,67.7553,5.43233,-3.26621,0.709261,-5.06216
2003-11-20T07:11:42.832Z,-421.66,-14.1465,-1.1163,67.66,4.69307,-3.62552,0.825615,-4.87522
2003-11-20T07:13:19.986Z,-427.354,-10.1785,-3.53843,60.2614,5.02513,-3.53347,0.362944,-5.01817
2003-11-20T07:14:57.139Z,-429.632,-10.518,-0.193126,68.8554,4.65344,-3.20219,0.903959,-5.0608
2003-11-20T07:16:34.292Z,-429.891,-10.196,-1.20227,70.2997,4.55928,-3.56648,1.10813,-4.68526
2003-11-20T07:18:11.445Z,-433.214,-10.2265,-2.40309,70.8698,4.89681,-3.43162,1.70943,-4.74248
2003-11-20T07:19:48.598Z,-426.911,-17.6093,-1.85532,74.9216,4.5171,-3.44081,2.43501,-4.4594
2003-11-20T07:21:25.751Z,-429.698,-17.2286,-5.51452,72.0398,4.80432,-3.71443,2.16972,-4.40434
2003-11-20T07:23:02.904Z,-431.865,-22.2428,-1.59648,73.8571,4.91458,-3.26909,2.87676,-4.58378
2003-11-20T07:24:40.058Z,-433.627,-16.5328,-3.29665,66.9064,4.99699,-3.02395,3.0093,-4.50432
2003-11-20T07:26:17.211Z,-448.873,-20.2537,-2.20595,66.5162,5.47488,-1.41004,3.56194,-4.75941
2003-11-20T07:27:54.364Z,-459.276,-24.2684,-12.3298,74.5332,5.21461,-1.06505,3.3773,-5.07547
2003-11-20T07:29:31.517Z,-457.143,-15.3173,-14.1933,76.1407,5.25377,-0.793931,2.87705,-5.39616
2003-11-20T07:31:08.670Z,-462.512,-14.4722,-13.3372,83.9225,4.76932,-0.529729,3.23527,-5.28163
2003-11-20T07:32:45.823Z,-469.865,-19.6479,-13.3843,82.2259,4.75236,-0.175213,3.18388,-5.17853
2003-11-20T07:34:22.976Z,-464.006,-18.0467,-11.6239,83.4815,5.06899,0.0176443,2.96302,-5.1986
2003-11-20T07:36:00.130Z,-467.85,-18.8899,-18.0935,72.4315,5.21437,0.377554,3.34761,-4.96407
2003-11-20T07:37:37.283Z,-469.692,-21.6178,-25.956,74.438,5.16601,0.149188,3.49826,-5.50762
2003-11-20T07:39:14.436Z,-465.931,-28.0229,-14.8755,56.5215,4.86986,-0.319259,3.14695,-5.94351
2003-11-20T07:40:51.589Z,-459.502,-34.0725,-23.0937,76.6942,4.26905,-0.275035,3.22125,-5.8311
2003-11-20T07:42:28.742Z,-473.81,-17.1647,-42.5914,79.0932,4.20808,1.22432,3.60587,-5.73445
2003-11-20T07:44:05.895Z,-468.093,-22.9825,-28.4457,92.7388,4.02998,0.674158,3.62146,-5.90719
2003-11-20T07:45:43.048Z,-459.393,-32.0125,-10.9147,90.3818,4.12892,-0.208598,3.52599,-5.85082
2003-11-20T07:47:20.202Z,-464.083,-25.1225,-27.0104,83.329,4.56504,0.395589,3.84824,-5.54969
2003-11-20T07:48:57.355Z,-475.385,-20.6088,-28.0919,87.1842,4.01323,-0.500104,4.63332,-5.55336
2003-11-20T07:50:34.508Z,-472.013,-13.1569,-28.0633,82.5289,4.89379,1.60888,3.56406,-6.24246
2003-11-20T07:52:11.661Z,-470.806,-4.35858,-33.3146,75.5926,4.92544,1.6043,4.0911,-5.82427
2003-11-20T07:53:48.814Z,-473.683,-3.01541,-35.2462,81.266,4.58229,1.6536,4.45838,-5.38288
2003-11-20T07:55:25.967Z,-480.064,-3.8014,-41.113,87.0319,4.52485,1.4113,5.08306,-5.281
2003-11-20T07:57:03.120Z,-477.945,-3.53631,-36.7659,77.6827,4.29334,1.57006,4.76188,-5.52213
2003-11-20T07:58:40.274Z,-473.603,-4.71454,-35.4695,77.8104,4.69131,1.90939,4.2805,-5.34992
2003-11-20T08:00:17.427Z,-462.922,-12.3437,-31.7963,79.133,4.37149,1.68773,4.18321,-5.43632
2003-11-20T08:01:54.580Z,-459.6,-5.77243,-26.78,69.0102,5.13846,2.42075,3.85955,-5.26028
2003-11-20T08:03:31.733Z,-448.494,-1.55996,-52.7644,93.3106,3.4688,2.76739,3.974,-4.41877
2003-11-20T08:05:08.886Z,-445.689,-1.50286,-40.0954,79.8899,4.31729,2.49934,3.68819,-4.77102
2003-11-20T08:06:46.039Z,-450.249,-5.63112,-51.5604,84.9416,3.84695,2.73079,3.69834,-4.64263
2003-11-20T08:08:23.192Z,-453.624,-1.0711,-47.4221,83.0721,3.75664,2.58333,4.18611,-4.32104
2003-11-20T08:10:00.346Z,-450.023,-7.78165,-42.0003,89.3217,3.88145,1.69438,3.6578,-4.96649
2003-11-20T08:11:37.499Z,-443.661,-1.44195,-46.9028,79.983,3.67122,2.56288,3.22523,-4.94439
2003-11-20T08:13:14.652Z,-441.206,-2.75681,-41.8638,81.2402,3.37445,2.33238,3.32166,-4.94233
2003-11-20T08:14:51.805Z,-421.647,9.30447,-55.0073,75.2337,2.70756,3.54326,3.88905,-3.11729
2003-11-20T08:16:28.958Z,-434.603,-8.57497,-21.2876,88.2505,3.68217,0.476694,3.55552,-4.40605
2003-11-20T08:18:06.111Z,-433.121,1.20349,-30.8467,94.0087,3.56301,0.0690032,3.78748,-3.20207
2003-11-20T08:19:43.264Z,-438.988,-10.4811,-41.9632,96.0394,3.47385,0.632519,3.83307,-4.40112
2003-11-20T08:21:20.418Z,-435.462,-22.7527,-29.8498,67.1337,4.21895,1.9692,2.74648,-6.17799
2003-11-20T08:22:57.571Z,-426.105,-21.0248,-26.6237,62.234,4.3319,1.95496,2.32463,-6.24191
2003-11-20T08:24:34.724Z,-415.732,-17.1685,-20.0428,73.4587,4.03529,2.14678,3.23006,-6.07265
2003-11-20T08:26:11.877Z,-419.003,-0.0155331,-22.7201,82.5742,3.95624,1.18669,3.95194,-5.02526
2003-11-20T08:27:49.030Z,-433.963,8.28479,-27.8239,75.1805,4.00854,2.51423,3.9395,-4.09691
2003-11-20T08:29:26.183Z,-424.825,18.1889,-28.3968,77.3487,3.01553,1.17599,2.86811,-1.27129
2003-11-20T08:31:03.336Z,-419.496,-41.3894,-51.6119,92.9911,3.9607,3.99994,2.87381,-5.95011
2003-11-20T08:32:40.490Z,-434.135,-55.1426,-77.5966,106.992,4.29987,3.18045,1.78438,-8.70748
2003-11-20T08:34:17.643Z,-475.006,-44.7955,-96.701,140.599,4.29527,0.949653,1.34693,-10.1547
2003-11-20T08:37:31.949Z,-592.281,67.9218,-111.651,114.5,12.5273,0.413931,9.17321,-1.95399
2003-11-20T08:39:09.102Z,-611.668,36.591,-115.603,110.886,13.4731,-0.921425,12.8781,-5.80483
2003-11-20T08:40:46.255Z,-594.533,23.9632,-89.9011,116.236,14.6804,1.81612,12.9518,-7.97683
2003-11-20T08:42:23.408Z,-572.555,-11.7733,-97.4386,110.924,15.9616,2.78459,14.2445,-9.48044
2003-11-20T08:44:00.562Z,-606.178,7.01293,-49.4909,126.988,18.3554,-3.53872,12.8816,-0.533397
2003-11-20T08:45:37.715Z,-593.197,-10.0997,-55.1162,131.481,16.0838,2.82834,11.8368,-5.71486
2003-11-20T08:47:14.868Z,-591.433,-2.71638,-67.7132,139.019,14.7482,6.35724,9.87304,-9.34447
2003-11-20T08:48:52.021Z,-620.825,9.50496,-71.959,113.365,17.467,7.89104,13.4982,-11.7148
2003-11-20T08:53:43.480Z,-609.362,17.3893,-69.6044,140.233,14.4485,3.15965,11.1165,6.9344
2003-11-20T08:55:20.634Z,-631.165,-0.440796,-32.081,123.99,15.8545,6.61553,15.2764,-9.50181
2003-11-20T08:56:57.787Z,-604.044,16.9846,-35.8179,153.467,12.5306,1.65288,14.0779,7.99021
2003-11-20T08:58:34.940Z,-601.898,25.6577,-28.7192,154.488,11.5465,1.56596,14.7578,11.6448
2003-11-20T09:00:12.093Z,-609.134,18.0418,13.9339,158.719,11.9928,3.07764,12.342,4.48381
2003-11-20T09:01:49.246Z,-619.759,6.81723,39.3217,141.691,13.5061,4.42854,17.28,-12.4449
2003-11-20T09:03:26.399Z,-625.57,-2.80635,6.4799,167.163,14.9857,3.64565,17.4497,-10.5395
2003-11-20T09:05:03.553Z,-633.775,8.55814,-4.02386,137.626,12.265,5.5063,19.7204,-3.77521
2003-11-20T09:06:40.706Z,-646.692,-41.6685,-48.2839,153.878,11.3143,6.16043,20.1193,-1.38118
2003-11-20T09:08:17.859Z,-697.779,-5.57459,-33.4508,173.224,11.0803,4.71831,22.3588,4.46963
2003-11-20T09:09:55.012Z,-696.61,5.26416,-34.3669,160.521,11.1153,3.41678,24.3406,-3.70233
2003-11-20T09:11:32.165Z,-691.167,-2.28677,-20.7588,166.896,10.5884,5.03684,22.1024,-3.77245
2003-11-20T09:13:06.282Z,-671.494,-16.4037,-18.0617,149.025,11.0557,9.07572,18.5494,3.56133
2003-11-20T09:14:43.435Z,-697.805,-9.18711,-33.4458,130.767,13.6711,7.87714,19.1691,0.59359
2003-11-20T09:16:20.589Z,-678.621,16.3913,87.2185,158.174,16.5132,3.66897,10.8122,-12.7522
2003-11-20T09:17:57.742Z,-700.621,-20.3603,16.1654,136.312,15.6427,5.30204,14.1265,-4.907
2003-11-20T09:19:34.895Z,-721.534,-24.9609,-2.7638,128.245,13.2002,7.71678,15.1389,-3.65481
2003-11-20T09:21:09.012Z,-709.823,-22.5837,-4.64744,143.409,14.5498,8.76653,14.9797,-3.36498
2003-11-20T09:22:46.165Z,-728.299,-35.3133,11.2688,145.798,13.6945,11.6225,15.7593,-4.54407
2003-11-20T09:24:23.318Z,-725.142,-38.3839,13.1763,122.529,13.5753,15.5775,16.8103,-5.08551
2003-11-20T09:26:00.471Z,-723.116,-36.9887,17.2988,116.853,14.9957,18.4406,17.6728,-5.87709
2003-11-20T09:27:37.624Z,-728.714,-43.5936,21.6593,101.503,16.7679,19.1591,16.2211,-5.30994
2003-11-20T09:30:48.894Z,-676.426,-17.8407,-14.4818,163.768,11.131,-2.01832,14.809,13.0443
2003-11-20T09:32:26.047Z,-557.419,-54.4961,-1.42207,140.674,7.60337,14.5025,5.90768,8.56761
2003-11-20T09:34:03.200Z,-545.715,-120.81,-31.591,154.15,7.14539,15.1976,3.59972,2.82987
2003-11-20T09:35:40.353Z,-479.203,-98.9829,-11.6356,125.839,6.08363,22.8268,4.42236,3.60956
2003-11-20T09:38:54.658Z,-544.917,-75.129,40.9955,149.771,9.60658,18.7304,9.4007,6.34002
2003-11-20T09:42:08.964Z,-598.643,-3.82385,-37.4558,138.32,9.2886,12.5781,17.1013,0.158543
2003-11-20T09:43:46.117Z,-649.772,-35.4804,-1.84828,134.847,13.5483,5.34132,10.6216,10.4331
2003-11-20T09:45:23.270Z,-698.935,-33.5198,-5.5801,137.614,20.0343,4.38181,16.1788,-1.93467
2003-11-20T09:47:00.422Z,-713.729,-40.9152,0.63243,114.839,19.4567,5.84295,16.9223,-6.54009
2003-11-20T09:48:34.539Z,-723.599,-43.336,32.7672,111.529,21.7526,4.81266,15.58,-5.30229
2003-11-20T09:50:08.656Z,-726.429,-40.6302,23.0638,110.318,16.5663,4.25231,15.3876,-1.22079
2003-11-20T09:51:42.772Z,-726.625,-44.3008,16.728,102.858,14.8862,5.31062,15.3138,-2.66032
2003-11-20T09:53:16.889Z,-717.14,-42.6494,37.6209,86.5813,28.3388,6.47999,9.44079,-12.0998
2003-11-20T09:54:47.970Z,-725.943,-45.8885,32.7639,98.6001,27.6267,7.05748,12.0243,-12.0583
2003-11-20T09:56:22.086Z,-722.65,-51.2316,31.631,96.6563,25.5174,6.54784,12.8456,-10.4864
2003-11-20T09:57:56.203Z,-721.542,-53.5106,32.6216,97.058,25.7907,6.0124,13.6392,-10.2843
2003-11-20T09:59:30.319Z,-720.133,-51.6722,18.1111,90.3114,25.3367,5.12983,14.6219,-7.68473
2003-11-20T10:01:04.436Z,-718.993,-44.8496,29.5419,105.932,28.3951,5.55854,13.9294,-8.8263
2003-11-20T10:02:41.588Z,-729.075,-39.0346,11.1612,102.081,25.9896,5.69919,15.4851,-8.12418
2003-11-20T10:04:15.705Z,-714.69,-33.5352,21.3513,94.8358,26.997,4.38254,14.5555,-10.2137
2003-11-20T10:05:52.857Z,-711.925,-40.1631,31.3045,82.2187,24.4743,5.03302,17.6355,-5.84573
2003-11-20T10:07:26.974Z,-714.471,-43.1385,38.3704,97.7967,28.4563,5.69056,19.0949,-3.9553
2003-11-20T10:09:01.090Z,-717.25,-50.498,48.9572,85.983,28.8151,4.53176,21.0139,-3.52017
2003-11-20T10:10:35.207Z,-717.932,-45.9737,37.0196,94.0427,23.4281,5.49688,20.3759,-0.263145
2003-11-20T10:12:09.323Z,-716.98,-52.4972,37.0187,99.9614,19.891,3.72806,20.8956,2.43003
2003-11-20T10:13:43.440Z,-728.607,-51.2416,38.8026,78.2611,25.6765,3.01314,23.3563,-0.514849
2003-11-20T10:15:17.556Z,-724.385,-48.454,43.2586,86.7749,30.3131,3.44919,22.8857,-3.63146
2003-11-20T10:16:51.673Z,-719.245,-46.1553,31.7288,111.898,20.62,4.06526,21.7134,1.70041
2003-11-20T10:18:28.825Z,-713.557,-47.5025,45.3482,72.5404,21.5563,5.34986,21.0621,-3.29342
2003-11-20T10:20:02.942Z,-706.775,-49.275,74.3023,71.1091,28.7476,5.13501,21.6991,-5.65659
2003-11-20T10:21:37.058Z,-702.732,-57.4009,75.7446,74.9464,28.814,3.72461,22.58,-4.66651
2003-11-20T10:23:14.210Z,-718.699,-58.2855,40.3393,96.444,24.2568,6.4348,22.4582,-0.744294
2003-11-20T10:24:51.363Z,-723.364,-55.5538,35.8478,89.867,18.9631,8.54418,22.1408,1.45886
2003-11-20T10:26:25.479Z,-715.176,-54.8216,46.543,90.4888,20.0173,5.26413,22.5926,4.15983
2003-11-20T10:27:59.596Z,-722.498,-51.1988,35.4877,94.9136,19.9617,4.51794,22.6105,3.94669
2003-11-20T10:29:33.712Z,-715.151,-55.7327,42.3114,91.912,21.4807,4.76927,22.9394,2.55244
2003-11-20T10:31:07.828Z,-715.383,-68.5941,30.582,99.7791,20.8606,5.21233,22.1673,3.15021
2003-11-20T10:32:41.945Z,-713.591,-57.1195,45.139,109.821,19.3327,5.77528,22.2051,4.78482
2003-11-20T10:34:19.097Z,-713.908,-55.8682,21.7249,105.814,18.367,5.01509,20.9895,2.82758
2003-11-20T10:35:53.213Z,-691.825,-56.9182,9.50038,112.866,14.4815,8.49769,18.5809,2.38035
2003-11-20T10:37:27.329Z,-678.2,-46.1647,5.20267,98.1931,17.0282,9.73416,18.8656,1.00863
2003-11-20T10:39:04.482Z,-688.556,-40.5253,14.2725,103.158,17.6868,9.24266,20.7061,5.43564
2003-11-20T10:40:41.634Z,-705.181,-46.2483,51.5571,112.625,19.0266,8.76753,21.3036,13.2657
2003-11-20T10:42:18.786Z,-738.025,-57.0411,45.511,90.162,16.6435,2.0016,29.133,11.69
2003-11-20T10:43:55.939Z,-722.067,-66.6255,53.1022,93.2512,20.4867,4.67298,26.5935,9.20784
2003-11-20T10:45:30.055Z,-722.299,-58.7154,42.8662,78.8977,24.6839,6.69623,27.7971,0.215513
2003-11-20T10:47:04.171Z,-715.191,-73.1592,54.8749,78.6838,25.4864,3.96445,27.3211,-1.69757
2003-11-20T10:48:38.287Z,-708.716,-72.9857,49.5785,109.795,23.7321,4.09058,24.641,-0.134472
2003-11-20T10:50:15.440Z,-712.141,-61.5898,48.4082,83.9008,22.5762,6.27606,20.6785,-1.3935
2003-11-20T10:51:49.556Z,-701.093,-53.1591,-2.33567,99.9216,17.101,7.68465,18.9143,-5.09014
2003-11-20T10:53:26.708Z,-666.102,-60.2624,25.5101,98.4827,30.2566,11.1006,7.28074,7.42421
2003-11-20T10:55:03.860Z,-633.47,-84.9018,18.79,83.8512,34.8996,15.6583,0.702247,10.6855
2003-11-20T10:56:44.049Z,-645.504,-104.37,52.1155,105.676,31.4241,13.4355,7.82359,8.0834
2003-11-20T10:58:21.201Z,-667.116,-75.2556,43.1398,109.694,25.4548,5.84858,25.3953,4.37213
2003-11-20T10:59:58.353Z,-680.304,-84.7255,31.4996,89.4039,26.5179,4.38763,25.9618,3.10514
2003-11-20T11:01:35.505Z,-689.378,-80.2398,30.6831,90.6841,24.1571,2.85261,23.7869,4.70921
2003-11-20T11:03:12.658Z,-697.31,-84.614,22.0321,71.998,25.9321,1.89062,23.4169,4.7844
2003-11-20T11:06:26.962Z,-763.226,-45.3979,-18.2555,76.8381,14.1619,-3.96058,18.7165,6.27086
2003-11-20T11:08:01.078Z,-701.03,-46.909,33.0099,81.1667,23.1827,2.48039,23.6026,5.37944
2003-11-20T11:09:35.194Z,-680.178,-37.6371,25.9464,70.3791,19.3443,3.0389,26.0912,2.32228
2003-11-20T11:11:12.346Z,-668.801,-46.8846,16.7524,94.5303,11.9832,5.54003,24.2506,-4.09933
2003-11-20T11:12:49.499Z,-658.663,-37.7457,-50.8599,110.237,13.451,5.81562,16.8596,-9.63093
2003-11-20T11:14:23.615Z,-589.497,-60.7312,-12.2368,77.8011,16.1162,17.3341,2.23329,0.399933
2003-11-20T11:24:06.528Z,-694.689,-73.7781,93.9955,83.4801,8.03878,-2.63406,24.9361,27.3236
2003-11-20T11:25:43.680Z,-695.094,-61.5109,90.5674,77.466,6.87111,-3.42737,25.2213,30.1614
2003-11-20T11:27:20.832Z,-690.634,-79.1747,119.36,99999.9,7.34771,-4.23029,20.2038,34.0776
2003-11-20T11:37:03.745Z,-530.227,-98.2736,-3.80253,157.988,4.47659,26.8,5.66941,11.4051
2003-11-20T11:38:40.897Z,-798.22,-141.539,101.594,79.8696,12.3551,-11.1553,15.1137,25.8065
2003-11-20T11:40:18.049Z,-752.73,-105.39,89.2805,99999.9,12.4262,-8.91087,20.2958,28.0967
2003-11-20T11:41:55.201Z,-735.876,-116.937,95.4371,82.1717,10.6177,-5.73716,19.097,29.4559
2003-11-20T11:43:29.317Z,-759.228,-125.932,107.938,61.4976,12.1009,-6.23358,19.7183,26.7086
2003-11-20T11:45:03.433Z,-743.935,-105.068,82.7536,104.553,17.6851,-3.49076,23.2476,22.4845
2003-11-20T11:46:37.550Z,-745.706,-98.3365,78.1112,59.4703,22.4335,-2.23693,26.4934,18.951
2003-11-20T11:48:11.666Z,-724.151,-94.2906,87.4623,79.6044,18.198,-3.00569,26.4479,20.8593
2003-11-20T11:49:45.782Z,-724.561,-100.523,80.2881,71.8446,16.6009,-4.78495,21.7895,23.8773
2003-11-20T11:51:19.898Z,-730.018,-118.23,74.553,99999.9,12.2943,-6.90587,14.0413,25.1657
2003-11-20T11:52:54.014Z,-753.674,-173.569,74.0284,65.0254,12.62,-6.83335,2.78678,27.2505
2003-11-20T11:56:02.247Z,-737.634,-163.639,126.069,129.136,18.5502,-2.67507,11.7939,26.6421
2003-11-20T11:57:39.399Z,-738.724,-106.246,144.177,125.459,15.201,0.942942,20.4719,27.1769
2003-11-20T11:59:13.515Z,-728.962,-132.673,148.546,93.3067,14.0671,2.78235,27.5851,24.2095
2003-11-20T12:00:50.668Z,-734.783,-116.315,147.494,95.6801,14.5242,4.65103,32.8584,16.5553
2003-11-20T12:02:30.856Z,-726.131,-132.075,138.091,112.642,14.8918,6.30056,33.5148,11.2816
2003-11-20T12:04:08.009Z,-716.212,-100.696,135.804,138.584,12.0218,6.00185,35.0204,5.90212
2003-11-20T12:07:22.313Z,-701.367,-85.2884,133.218,125.124,12.4653,4.84141,34.8442,4.99129
2003-11-20T12:08:59.466Z,-701.842,-65.2332,84.8947,155.355,11.2119,4.24049,33.8612,8.84708
2003-11-20T12:10:36.618Z,-708.192,-57.942,97.1793,157.345,13.0379,3.7289,33.4831,4.46548
2003-11-20T12:12:13.771Z,-668.411,-27.8986,99.5697,127.622,11.0284,2.41495,31.6688,10.1737
2003-11-20T12:13:50.923Z,-700.167,8.92762,118.961,155.35,11.6682,4.67973,35.9738,2.09438
2003-11-20T12:15:28.076Z,-707.044,18.2319,84.9228,95.1755,11.282,6.38395,36.966,-6.2991
2003-11-20T12:17:05.228Z,-703.51,29.0381,77.7716,110.089,9.11741,4.86981,38.7965,-3.39814
2003-11-20T12:18:42.381Z,-697.498,26.3939,57.389,86.4517,9.32919,5.25848,37.9483,-5.33582
2003-11-20T12:20:19.533Z,-705.503,7.31387,75.1508,147.169,11.5777,5.97449,36.7101,-7.11106
2003-11-20T12:21:56.686Z,-720.586,-11.4054,65.4806,77.0506,7.43736,6.61345,37.3734,5.66175
2003-11-20T12:23:33.838Z,-724.124,-10.8327,56.7887,105.797,9.99228,6.71978,36.4809,8.07277
2003-11-20T12:25:10.991Z,-736.004,-5.76879,80.7551,99999.9,10.6774,3.96271,35.6943,11.7597
2003-11-20T12:26:45.107Z,-731.671,-4.07525,83.6767,96.6902,9.28702,2.81837,34.9738,11.302
2003-11-20T12:28:19.224Z,-734.319,8.33346,61.2445,46.7803,8.03303,2.84222,34.904,6.30701
2003-11-20T12:29:53.341Z,-727.264,6.74109,88.2453,82.8171,10.1672,3.45581,36.3792,-2.05187
2003-11-20T12:31:27.457Z,-719.463,27.5913,105.629,85.2114,11.2091,4.76719,36.1301,-3.25593
2003-11-20T12:33:01.574Z,-708.602,21.436,111.075,26.6281,9.66309,5.60292,35.7786,-6.24303
2003-11-20T12:34:38.727Z,-709.264,24.1921,99.3173,140.687,10.7256,4.93578,36.3092,-7.11897
2003-11-20T12:36:15.879Z,-709.861,13.6058,94.4538,42.1696,13.9039,3.86362,36.5343,-3.59373
2003-11-20T12:37:56.068Z,-703.142,14.5433,103.965,104.726,11.5013,5.02606,36.3851,-4.11989
2003-11-20T12:39:33.221Z,-688.8,24.9657,104.642,99999.9,12.5027,6.63555,36.1265,-3.35546
2003-11-20T12:41:10.373Z,-676.558,16.2968,95.2841,60.3145,11.2934,6.48266,35.642,-6.19496
2003-11-20T12:42:47.526Z,-676.64,22.4032,77.2555,56.8502,9.64633,6.58818,36.0127,-10.1967
2003-11-20T12:44:24.679Z,-678.02,21.6711,67.6645,99999.9,10.2976,4.92567,37.3791,-6.64848
2003-11-20T12:46:01.831Z,-669.002,13.8706,66.3343,44.8205,10.6146,6.56914,37.0346,-7.20099
2003-11-20T12:47:38.984Z,-666.563,16.4838,63.1314,99999.9,10.3509,6.68692,37.8549,-6.20575
2003-11-20T12:49:16.137Z,-670.661,16.1658,58.979,45.0334,11.7201,6.01207,38.1296,-7.38429
2003-11-20T12:50:53.290Z,-670.945,14.2932,47.2556,28.5826,12.8003,4.8899,38.8357,-6.85952
2003-11-20T12:52:30.442Z,-670.613,5.75701,40.9883,50.0576,11.2443,5.18252,39.4052,-8.13324
2003-11-20T12:54:07.595Z,-671.221,20.7759,46.9758,99999.9,9.79648,3.9429,40.4282,-4.98229
2003-11-20T12:55:44.748Z,-675.31,27.8675,36.7198,118.073,9.84947,3.98351,40.5389,-7.88255
2003-11-20T12:57:21.901Z,-675.454,9.88096,38.4376,53.2408,11.9326,5.03471,40.2713,-7.14368
2003-11-20T12:58:59.054Z,-664.736,17.0479,51.7942,65.2671,10.5027,3.7132,40.352,-6.45508
2003-11-20T13:00:36.206Z,-664.698,26.7271,46.9154,99999.9,8.94865,2.96805,40.8538,-4.01713
2003-11-20T13:02:13.359Z,-656.932,29.6919,38.9892,53.8121,9.07405,2.89466,40.7264,-5.68314
2003-11-20T13:03:50.512Z,-660.726,30.1891,40.7968,31.0134,8.97195,2.78741,40.5072,-5.16588
2003-11-20T13:05:27.665Z,-671.758,35.7344,40.642,32.4347,9.50905,2.56539,40.8318,-5.09162
2003-11-20T13:07:04.818Z,-671.752,29.1283,32.6132,99999.9,9.57331,0.645326,41.9859,-3.88074
2003-11-20T13:08:41.970Z,-662.324,13.9774,27.6064,42.577,11.2098,0.337183,41.654,-3.86622
2003-11-20T13:10:19.123Z,-668.47,26.12,18.2008,37.9964,10.0189,1.56391,41.7228,-6.34706
2003-11-20T13:11:56.276Z,-648.397,18.8283,6.196,124.83,10.8408,4.18226,39.9339,-7.70327
2003-11-20T13:13:33.429Z,-647.443,17.7133,-0.519947,124.633,9.68359,5.48113,40.3908,-8.05522
2003-11-20T13:15:10.582Z,-632.521,7.05302,-17.9074,115.373,8.2545,4.43208,40.1591,-7.68231
2003-11-20T13:16:47.735Z,-636.874,28.2779,10.2631,123.204,6.83919,3.58642,40.7602,-7.14632
2003-11-20T13:20:02.041Z,-635.051,17.4887,20.3606,43.5858,7.68492,5.69906,38.2056,-7.57935
2003-11-20T13:21:39.193Z,-649.091,17.6362,11.745,62.0545,11.7067,5.37884,39.1303,-7.16193
2003-11-20T13:23:16.346Z,-672.576,8.17124,30.4671,35.2208,10.2683,4.6514,39.641,-11.0622
2003-11-20T13:26:30.652Z,-694.852,24.5139,-16.2166,38.7997,10.9813,1.95406,40.3017,-7.81737
2003-11-20T13:28:07.805Z,-680.543,23.8824,-19.111,99999.9,7.75627,1.85431,39.6013,-7.95668
2003-11-20T13:29:44.958Z,-678.397,15.9601,-24.2147,74.4005,4.44607,4.24566,39.322,-12.9132
2003-11-20T13:31:22.111Z,-671.776,-20.9835,7.80106,119.921,6.86568,5.20556,39.0982,-16.8123
2003-11-20T13:32:59.264Z,-676.529,-10.8874,-14.3857,128.011,7.10314,4.38853,40.6114,-17.2076
2003-11-20T13:34:36.417Z,-681.919,-10.1508,-15.5748,95.0706,14.1767,3.45032,41.487,-16.4813
2003-11-20T13:36:13.570Z,-657.566,-18.3511,-15.1588,99.0909,13.6427,1.34547,41.9551,-9.49942
2003-11-20T13:37:50.723Z,-664.021,-16.143,4.4358,99999.9,14.9004,1.42554,39.4159,-4.44465
2003-11-20T13:39:27.875Z,-665.79,-23.6396,6.7179,99999.9,12.6366,-0.109135,38.0216,-2.32865
2003-11-20T13:41:05.028Z,-671.367,-17.8563,3.19956,44.6656,10.5588,-1.0687,36.6345,-0.912336
2003-11-20T13:42:42.181Z,-661.954,-30.1464,0.62112,155.419,12.3167,2.22887,32.8633,2.435
2003-11-20T13:47:27.568Z,-670.918,18.8427,78.8205,92.0513,23.4573,5.818,25.4775,9.86467
2003-11-20T13:49:04.721Z,-711.775,36.4915,26.8795,123.549,26.1413,-1.18153,36.7251,5.58753
2003-11-20T13:52:15.991Z,-675.317,-28.4701,21.4578,99999.9,8.49904,1.53078,43.4022,-14.0918
2003-11-20T13:53:53.144Z,-656.694,-23.951,24.9559,122.87,7.95178,3.3065,43.3379,-15.4986
2003-11-20T13:55:30.297Z,-651.028,-30.5254,26.6737,134.76,9.12191,2.0738,42.0159,-18.128
2003-11-20T13:57:07.450Z,-656.288,-18.2545,1.29411,107.86,6.33412,2.4847,40.8208,-20.9092
2003-11-20T13:58:44.603Z,-642.455,38.1653,-3.79109,130.45,10.5092,5.22755,42.7006,-15.5925
2003-11-20T14:00:21.756Z,-648.927,35.4937,-8.05651,90.9007,11.5785,6.36806,42.8215,-15.3168
2003-11-20T14:01:58.909Z,-634.762,34.2507,-9.40782,125.856,10.9638,4.90056,42.2211,-15.3214
2003-11-20T14:03:39.098Z,-627.362,24.9622,17.4972,98.9731,9.84606,7.58604,43.1932,-13.3803
2003-11-20T14:05:16.251Z,-622.454,10.6945,25.9648,82.203,11.2191,6.68918,43.4471,-12.744
2003-11-20T14:06:53.404Z,-620.953,12.9928,30.0364,111.654,17.8643,5.57017,42.003,-12.2722
2003-11-20T14:08:30.557Z,-643.617,-6.77768,22.408,28.1394,14.9479,5.22682,40.0598,-9.22938
2003-11-20T14:10:07.710Z,-664.486,4.82941,14.6314,33.7071,12.606,5.3457,39.1766,-10.4958
2003-11-20T14:11:44.863Z,-674.285,-0.713221,14.6467,61.2867,12.792,8.34468,37.8128,-7.97409
2003-11-20T14:13:22.016Z,-674.946,1.324,25.6325,71.3931,14.5728,9.5284,37.2943,-7.91052
2003-11-20T14:14:59.169Z,-681.165,9.27215,18.2354,83.3252,14.8324,8.08777,37.1247,-8.9533
2003-11-20T14:16:36.322Z,-692.113,8.46517,18.2226,78.316,13.4443,9.59171,37.3492,-9.6047
2003-11-20T14:18:13.475Z,-689.154,1.16888,19.5828,50.0351,12.301,6.50671,38.203,-9.49026
2003-11-20T14:19:47.592Z,-668.983,1.82207,17.7483,49.3559,13.371,4.00634,39.2615,-6.6466
2003-11-20T14:21:24.745Z,-670.702,-5.31203,26.9655,9.07671,13.0211,4.77192,38.9596,-6.44036
2003-11-20T14:23:01.898Z,-669.206,20.4652,37.8221,127.264,13.4566,6.77979,38.9657,-6.05059
2003-11-20T14:24:39.051Z,-675.818,7.77778,35.8701,30.9909,13.5531,5.28962,40.2146,-2.94539
2003-11-20T14:26:16.204Z,-668.808,3.00657,30.0704,45.7013,12.6031,6.08042,40.6704,-3.81151
2003-11-20T14:27:53.357Z,-659.628,4.75266,44.0573,52.9562,12.8373,4.15721,41.6674,-2.92108
2003-11-20T14:29:30.510Z,-665.9,1.49472,44.4282,28.4091,13.4908,5.01856,43.2537,-3.97369
2003-11-20T14:31:07.663Z,-656.318,11.721,26.6538,56.6492,11.2588,9.06079,40.7618,-15.6835
2003-11-20T14:32:44.816Z,-673.807,36.6245,38.1903,91.3326,8.86307,12.0226,37.5954,-24.5158
2003-11-20T14:36:02.158Z,-637.888,20.3382,36.7504,133.911,7.34065,4.48472,43.0075,-20.502
2003-11-20T14:37:39.311Z,-642.333,12.119,49.7308,128.563,6.66393,5.09358,43.1529,-23.3523
2003-11-20T14:39:16.464Z,-626.546,-7.10676,43.4358,124.041,6.76627,6.1822,42.4464,-22.7121
2003-11-20T14:40:53.617Z,-622.128,-18.373,52.3165,128.937,7.7095,7.04028,40.8151,-23.2646
2003-11-20T14:42:30.770Z,-610.284,-17.6154,46.6596,118.834,9.94833,6.51556,41.7381,-23.1101
2003-11-20T14:44:07.923Z,-605.809,-9.76005,66.38,126.471,9.38468,6.92668,38.3992,-28.5891
2003-11-20T14:45:45.076Z,-609.457,-16.276,88.1068,125.952,10.4107,5.03578,38.294,-29.6392
2003-11-20T14:47:22.229Z,-600.411,-17.2299,67.1797,113.958,10.6243,4.54909,38.302,-31.4852
2003-11-20T14:48:59.382Z,-577.596,-7.97403,64.9366,108.258,12.0727,0.00585767,36.9886,-36.5195
2003-11-20T14:50:36.535Z,-565.013,-9.93245,62.5677,109.022,12.2834,0.697647,38.4892,-34.7233
2003-11-20T14:52:13.689Z,-618.388,31.653,-14.6538,101.44,17.1059,5.25137,40.5223,-27.3501
2003-11-20T14:53:50.842Z,-629.477,30.9804,-6.65191,69.014,16.1075,9.47862,38.5016,-23.5421
2003-11-20T14:55:27.995Z,-626.56,33.2456,-3.63804,72.2133,14.6951,8.89264,37.7567,-26.1222
2003-11-20T14:57:05.148Z,-625.773,27.7196,-11.8104,71.5344,14.8742,9.03571,37.4221,-26.8742
2003-11-20T14:58:45.337Z,-632.817,30.7579,-10.8029,75.285,16.6486,10.2713,35.1457,-27.9478
2003-11-20T15:00:22.490Z,-630.01,24.4453,-17.2013,75.6536,15.8499,9.83251,35.3999,-29.2312
2003-11-20T15:01:59.643Z,-639.161,25.9951,-15.8946,69.3245,16.6242,9.99572,36.7167,-29.3676
2003-11-20T15:03:36.796Z,-634.015,24.8778,-12.6618,73.3283,17.6264,10.6717,36.7806,-29.1317
2003-11-20T15:05:13.949Z,-631.42,22.8953,-3.78425,81.7216,17.3267,10.1611,36.6899,-29.2139
2003-11-20T15:06:51.102Z,-633.939,21.0927,-8.82847,66.536,16.4144,10.6298,35.2299,-30.9836
2003-11-20T15:08:28.255Z,-626.078,26.5926,-13.0624,53.5857,18.9892,10.4843,35.2508,-31.1594
2003-11-20T15:10:05.408Z,-630.901,27.68,-5.34386,61.1819,17.3998,11.0139,34.9225,-32.13
2003-11-20T15:11:42.561Z,-628.466,11.96,-12.7479,68.9514,17.3308,11.5457,34.859,-34.5206
2003-11-20T15:13:19.714Z,-628.899,21.4641,-11.0448,62.097,13.2498,13.5666,35.242,-34.4488
2003-11-20T15:14:56.867Z,-614.554,16.7309,-16.6845,57.795,13.6914,15.1321,34.4512,-36.6095
2003-11-20T15:16:34.021Z,-603.842,16.6569,-21.6471,60.5833,11.907,12.8729,34.4213,-37.1708
2003-11-20T15:18:11.174Z,-623.243,16.954,-20.3855,48.1538,7.30952,-1.30163,39.6594,-35.0735
2003-11-20T15:19:48.327Z,-626.515,-24.6351,8.94737,128.777,7.60946,-2.61594,39.5876,-35.5557
2003-11-20T15:21:25.480Z,-600.675,2.17384,7.2241,114.681,6.29181,-3.64676,38.5844,-35.378
2003-11-20T15:23:02.633Z,-581.023,-1.39161,5.79485,111.938,7.41768,-1.25146,37.1665,-34.5908
2003-11-20T15:24:39.786Z,-594.201,14.3796,12.4472,95.4162,6.58876,-1.52796,37.7987,-35.1535
2003-11-20T15:26:16.939Z,-599.305,22.4741,-28.5902,108.92,4.9704,-1.47643,37.6571,-35.8034
2003-11-20T15:27:54.092Z,-601.201,26.0666,-25.8263,88.5178,4.76972,-1.41451,37.1334,-36.8712
2003-11-20T15:29:31.245Z,-606.706,21.3704,-23.1444,111.187,5.4689,-1.40229,36.439,-37.0662
2003-11-20T15:31:08.398Z,-610.311,11.4719,-23.3439,120.896,5.21584,-0.346341,35.2404,-38.1481
2003-11-20T15:32:45.551Z,-620.145,10.4906,-26.2792,77.4611,6.23268,0.46264,34.3859,-39.026
2003-11-20T15:34:22.704Z,-608.227,12.5695,-30.7184,78.4698,5.14327,1.54268,33.552,-39.5187
2003-11-20T15:37:37.011Z,-606.29,7.54971,-26.7421,57.2291,8.70029,0.851498,33.3571,-39.5635
2003-11-20T15:39:14.164Z,-643.004,36.2189,-13.3584,88.7842,5.92985,1.10228,32.5516,-39.4825
2003-11-20T15:40:51.317Z,-623.172,17.2536,-31.592,104.336,5.62474,3.42364,31.4695,-40.674
2003-11-20T15:42:28.470Z,-626.655,17.8317,-21.5968,102.41,6.42507,1.54739,33.9104,-39.4771
2003-11-20T15:44:05.623Z,-644.717,22.3552,-2.30114,61.8507,6.83274,0.842814,33.7153,-38.9149
2003-11-20T15:45:42.776Z,-629.394,7.1319,-38.9964,97.1866,5.89417,3.83292,29.3126,-41.3002
2003-11-20T15:47:19.929Z,-622.543,19.5327,-33.4774,95.0262,6.18729,5.04479,27.3935,-42.0871
2003-11-20T15:48:57.082Z,-631.631,38.2388,-22.6843,72.0377,6.99747,4.97914,27.9847,-41.7715
2003-11-20T15:50:34.235Z,-630.784,32.2897,-22.8363,90.523,6.6152,4.18947,30.1964,-40.3476
2003-11-20T15:52:11.388Z,-622.419,35.7424,-20.3012,90.5518,6.2145,3.8212,30.2502,-40.6542
2003-11-20T15:53:48.542Z,-625.214,37.1661,-17.2003,104.088,6.12522,3.65727,29.7265,-41.6484
2003-11-20T15:55:25.695Z,-627.144,33.9081,-20.1193,101.571,5.64377,4.02808,29.9962,-41.915
2003-11-20T15:57:02.848Z,-628.308,26.6798,-20.8781,100.264,6.13071,3.8673,29.6686,-43.2567
2003-11-20T15:58:40.001Z,-621.743,32.6523,-19.5231,97.0896,5.74261,3.497,28.636,-43.1758
2003-11-20T16:00:17.154Z,-617.833,32.6908,-23.2311,98.7106,6.04979,3.25121,27.6145,-43.6274
2003-11-20T16:01:54.307Z,-616.978,28.7338,-28.0233,101.638,6.04151,2.44618,27.9383,-43.5534
2003-11-20T16:03:31.460Z,-617.416,31.1104,-22.3481,112.537,5.77185,2.23111,27.5554,-43.8809
2003-11-20T16:05:08.613Z,-619.686,24.7836,-29.0919,71.9526,6.58745,3.36133,28.109,-43.0674
2003-11-20T16:06:42.730Z,-626.295,35.2429,-21.4274,102.499,5.77016,2.52262,27.9612,-42.9745
2003-11-20T16:08:19.883Z,-623.961,36.5183,-23.2019,103.251,5.44888,2.85487,28.3762,-42.423
2003-11-20T16:09:57.037Z,-630.8,29.9386,-27.8264,91.486,5.80055,2.43781,28.2591,-42.5089
2003-11-20T16:11:34.190Z,-620.641,30.6876,-30.0918,47.0339,6.78631,2.14842,28.5422,-42.2649
2003-11-20T16:13:11.343Z,-624.581,31.81,-24.1507,103.806,7.2291,1.74241,29.5454,-42.7067
2003-11-20T16:14:48.496Z,-625.193,28.2002,-32.3339,78.9583,7.71612,2.71636,29.5531,-43.2502
2003-11-20T16:16:25.649Z,-621.127,18.9955,-33.0164,110.126,7.17662,3.532,28.3184,-44.1645
2003-11-20T16:18:02.802Z,-618.302,8.36376,-37.7025,105.759,7.22069,2.34869,29.526,-44.1541
2003-11-20T16:19:39.955Z,-620.669,7.18977,-40.2243,99.3877,7.66057,2.20274,29.6596,-44.8082
2003-11-20T16:21:17.108Z,-618.961,-1.90534,-45.8377,101.61,8.28093,2.60522,30.1825,-46.5377
2003-11-20T16:22:54.261Z,-628.324,-9.3629,-50.3748,99.1117,8.43274,2.58589,31.0877,-46.8886
2003-11-20T16:24:31.415Z,-596.43,6.76369,-36.2093,101.483,6.93201,0.422965,30.2602,-47.4069
2003-11-20T16:26:08.568Z,-612.025,12.2004,-34.8565,113.803,6.74085,0.22615,29.5161,-47.6514
2003-11-20T16:27:45.721Z,-604.856,16.813,-30.2885,117.498,6.58207,-0.0936911,28.4078,-46.9351
2003-11-20T16:29:22.874Z,-612.722,17.4029,-31.4561,112.548,6.34652,0.129911,27.4541,-45.9741
2003-11-20T16:31:00.027Z,-622.953,22.7325,-29.7041,105.422,8.00076,1.00738,27.2071,-45.2843
2003-11-20T16:32:37.180Z,-611.278,45.44,-18.1556,75.1262,5.82453,1.41568,25.7552,-44.5358
2003-11-20T16:34:14.333Z,-612.601,41.5901,-19.8705,89.3119,5.40634,1.7019,25.5714,-44.0458
2003-11-20T16:35:51.486Z,-621.843,26.4503,-17.628,99999.9,6.14798,0.19927,18.8498,-47.6862
2003-11-20T16:37:28.640Z,-616.248,50.7093,-13.8207,99.3479,5.18531,0.552636,22.3994,-46.3031
2003-11-20T16:39:05.793Z,-631.864,42.3402,-18.1114,86.8723,5.74391,0.159733,22.6053,-45.6334
2003-11-20T16:40:42.946Z,-634.797,30.0782,-26.952,63.0865,6.00989,0.771144,24.2842,-44.5654
2003-11-20T16:42:20.099Z,-617.974,44.3984,-18.209,92.1632,5.80047,-1.00125,24.0217,-44.5593
2003-11-20T16:43:57.252Z,-612.221,45.4808,-18.5709,79.8909,5.97246,-1.06682,24.3427,-43.9129
2003-11-20T16:45:34.405Z,-612.348,38.7423,-10.1872,97.7774,5.38408,-2.02194,22.2186,-44.3466
2003-11-20T16:47:11.558Z,-612.088,44.179,-8.78441,81.5785,6.23597,-2.55677,21.3955,-44.3743
2003-11-20T16:48:48.711Z,-622.02,38.2642,-15.7766,83.1936,6.50142,-3.74724,19.7135,-46.0773
2003-11-20T16:50:25.865Z,-631.173,39.9552,-10.1584,100.455,5.10693,-3.43316,21.4433,-46.8252
2003-11-20T16:52:03.018Z,-628.9,32.5124,-15.5378,89.3714,5.35358,-5.18539,20.6031,-47.5147
2003-11-20T16:53:40.171Z,-625.265,25.9951,-21.1086,92.4815,5.99223,-4.59769,21.4859,-47.2219
2003-11-20T16:55:17.324Z,-619.109,30.0265,-12.8617,81.4316,6.07113,-5.59942,19.8759,-46.8916
2003-11-20T16:56:54.477Z,-605.392,32.2288,-7.50464,97.4846,7.34513,-4.77798,20.9004,-46.101
2003-11-20T16:58:31.630Z,-622.356,11.5414,-17.0226,86.3105,7.62949,-6.44579,20.8425,-46.6928
2003-11-20T17:00:08.783Z,-605.992,19.8121,-15.7665,77.1033,6.77987,-5.52879,20.3676,-45.7279
2003-11-20T17:01:45.936Z,-599.448,24.2229,-24.027,80.2549,8.2139,-4.91248,20.6965,-45.1709
2003-11-20T17:03:23.090Z,-591.956,26.7297,-22.0496,92.2275,8.18111,-4.99766,22.0894,-46.4118
2003-11-20T17:05:00.243Z,-594.718,22.8964,-19.6724,93.121,8.96949,-5.31028,23.29,-46.7428
2003-11-20T17:06:37.396Z,-594.038,20.4112,-19.8128,89.2747,9.58145,-5.85692,22.3986,-46.38
2003-11-20T17:09:51.702Z,-621.607,76.6225,1.51863,106.859,13.4304,-6.52276,19.8914,-38.1315
2003-11-20T17:11:28.855Z,-640.554,61.6656,16.4833,78.6478,9.94858,-7.00121,17.4976,-36.5687
2003-11-20T17:13:06.008Z,-659.26,56.9143,19.1431,5.48302,13.2902,-6.17432,14.4153,-36.7328
2003-11-20T17:14:43.162Z,-630.413,14.7132,9.59708,58.5623,23.5878,-7.01776,12.9098,-34.1324
2003-11-20T17:16:20.315Z,-635.228,19.2725,14.1427,84.6586,25.7636,-7.5278,12.4459,-37.6175
2003-11-20T17:17:57.468Z,-626.522,28.8471,13.5941,78.1677,26.6069,-5.23674,11.53,-38.3421
2003-11-20T17:19:34.621Z,-624.727,27.7027,7.6868,71.7331,24.7835,-5.23229,10.621,-37.5795
2003-11-20T17:21:11.774Z,-617.29,30.9818,12.7238,84.8939,20.7422,-6.08973,11.8132,-37.699
2003-11-20T17:22:48.927Z,-628.991,48.9706,16.1721,82.6086,27.9639,-5.56782,12.7677,-38.4302
2003-11-20T17:24:26.080Z,-618.363,68.1062,16.8764,95.2185,22.7074,-5.12371,14.4443,-38.541
2003-11-20T17:26:03.234Z,-619.608,44.8126,15.9194,94.9696,21.451,-5.91624,15.4869,-38.0412
2003-11-20T17:27:40.387Z,-611.18,48.8511,15.627,78.1132,24.928,-5.47219,14.0414,-38.5946
2003-11-20T17:29:17.540Z,-606.054,48.1434,10.8912,73.4602,25.1707,-5.32452,11.9163,-40.321
2003-11-20T17:30:54.693Z,-610.902,46.8045,12.3653,81.6268,25.2354,-6.78109,14.2689,-41.3118
2003-11-20T17:32:31.846Z,-614.644,44.626,13.0013,70.434,21.652,-7.24552,12.8164,-42.0184
2003-11-20T17:34:09.999Z,-603.157,31.207,6.47984,79.6414,25.9129,-4.37585,12.7467,-42.5155
2003-11-20T17:35:46.152Z,-603.287,35.1537,1.25208,87.6144,30.1624,-2.78113,13.1036,-43.0484
2003-11-20T17:37:23.306Z,-600.279,36.7788,-5.39335,66.1811,32.266,-2.77979,11.9965,-42.6594
2003-11-20T17:39:00.459Z,-601.364,34.6665,-1.81076,63.3073,31.245,-1.31088,11.2038,-43.2405
2003-11-20T17:40:37.612Z,-600.488,50.1878,-2.94793,104.713,29.3259,-2.35492,10.1223,-43.9687
2003-11-20T17:42:14.765Z,-607.44,32.2879,-13.5401,73.4006,34.2772,-4.05135,7.78846,-43.2427
2003-11-20T17:43:51.918Z,-605.264,35.8116,-13.8013,87.4406,36.7326,-3.0616,8.72211,-44.0604
2003-11-20T17:45:29.071Z,-603.53,20.2893,-4.86656,78.4922,39.8913,-0.714403,9.2012,-42.814
2003-11-20T17:47:06.224Z,-599.647,27.6102,-4.36309,60.7534,35.4503,-1.28213,7.11675,-42.164
2003-11-20T17:48:43.377Z,-601.093,27.3522,-6.98232,80.6575,39.7805,-1.44896,5.84623,-39.7271
2003-11-20T17:50:20.531Z,-597.569,41.7525,6.72935,47.9058,45.8687,-0.24349,9.17785,-37.355
2003-11-20T17:51:57.684Z,-613.614,6.16499,6.13485,79.7607,61.8382,-3.3989,-1.78226,-37.8564
2003-11-20T17:53:34.837Z,-611.735,24.4206,1.03834,76.2799,54.7967,-4.5608,1.45864,-39.434
2003-11-20T17:55:11.990Z,-609.34,22.3849,1.26147,80.4734,50.1172,-4.61128,-0.0867491,-40.3486
2003-11-20T17:56:49.143Z,-603.813,43.5859,8.29976,88.6455,39.06,-4.7054,1.63261,-40.5662
2003-11-20T17:58:26.296Z,-612.479,18.5748,6.33955,97.0249,50.5329,-1.53396,4.22089,-39.2136
2003-11-20T18:00:03.450Z,-618.435,11.6784,1.29617,82.5682,49.9562,-2.83114,4.7963,-38.8694
2003-11-20T18:01:40.603Z,-623.083,11.5969,1.97177,104.422,45.7109,-1.98721,0.600891,-39.5327
2003-11-20T18:03:17.756Z,-625.391,9.73088,4.87726,91.6106,49.2223,-1.46153,-1.44462,-39.3607
2003-11-20T18:04:54.909Z,-623.404,11.8876,5.977,89.6567,43.4768,-1.54755,-1.36626,-39.5523
2003-11-20T18:06:32.062Z,-629.633,18.1947,2.68031,81.4768,39.0462,-1.19001,-6.62493,-38.8645
2003-11-20T18:08:09.215Z,-629.705,31.864,-5.33015,74.8789,40.8075,-2.58055,-5.30561,-39.3603
2003-11-20T18:09:46.368Z,-628.226,16.8301,5.69659,94.0569,43.4223,-3.40911,1.52783,-39.3351
2003-11-20T18:11:23.522Z,-626.327,12.832,2.01917,73.6375,46.3931,-3.21184,-0.237618,-38.7288
2003-11-20T18:13:00.675Z,-625.796,16.6227,4.95796,75.1435,45.9102,-2.59589,-0.472576,-37.0662
2003-11-20T18:14:37.828Z,-626.416,10.6196,10.2615,82.4723,44.6931,-3.28042,1.05748,-35.9398
2003-11-20T18:16:11.945Z,-629.374,10.3168,13.6559,189.441,40.7103,-0.51264,-0.881602,-36.4759
2003-11-20T18:17:49.098Z,-627.925,4.27617,7.81268,113.974,43.8295,-0.958982,0.354509,-37.4972
2003-11-20T18:19:26.251Z,-627.919,10.4673,-0.0347445,90.9176,38.0502,-1.25631,-0.38614,-37.7585
2003-11-20T18:21:03.404Z,-630.976,11.8135,11.2969,99.5361,45.9968,-1.77025,0.0119469,-39.3622
2003-11-20T18:22:40.558Z,-631.752,6.58774,13.0945,63.5964,45.368,-1.55508,0.12911,-39.9642
2003-11-20T18:24:17.711Z,-626.869,1.09037,8.48186,64.7566,38.0323,0.551051,1.66919,-38.3185
2003-11-20T18:25:54.864Z,-629.239,-4.45431,4.81412,105.519,34.3021,1.10983,1.90072,-37.5232
2003-11-20T18:27:32.017Z,-623.325,-3.36897,7.43399,66.562,32.0818,0.579883,1.22617,-36.6408
2003-11-20T18:29:09.170Z,-623.045,9.56456,7.17933,99999.9,34.0604,0.254535,0.27063,-36.2432
2003-11-20T18:30:46.323Z,-624.305,4.41211,7.06079,69.8037,36.7856,-0.144986,1.81981,-35.7705
2003-11-20T18:32:23.476Z,-625.708,0.790358,6.17592,58.4847,43.8693,-0.873969,-0.234412,-34.325
2003-11-20T18:34:00.630Z,-631.132,-10.1778,11.3083,71.8325,49.9299,-2.52084,1.88555,-34.7194
2003-11-20T18:35:37.783Z,-628.705,-10.817,8.51898,105.575,53.7133,-0.430186,2.46212,-35.7943
2003-11-20T18:37:14.936Z,-631.301,-10.638,13.4196,110.544,45.9951,-2.63397,-0.551639,-34.7146
2003-11-20T18:38:52.089Z,-631.604,-14.4122,13.8078,97.0537,50.6125,-3.21149,-2.13054,-34.4824
2003-11-20T18:40:29.242Z,-626.569,-13.6968,15.1775,86.5085,40.9486,-3.76984,-1.77798,-35.4002
2003-11-20T18:42:06.395Z,-603.134,3.53021,11.3149,77.5621,36.7242,-3.03256,0.268501,-37.4526
2003-11-20T18:43:43.549Z,-603.594,9.03851,13.6093,72.8325,32.0045,-4.08791,-0.306065,-37.4954
2003-11-20T18:45:20.702Z,-596.305,24.907,11.9715,69.7454,34.4687,-7.85206,-3.19579,-36.8603
2003-11-20T18:46:57.855Z,-587.066,12.4827,14.8774,79.8325,35.5552,-7.98305,-2.87274,-37.5989
2003-11-20T18:48:35.008Z,-588.19,12.5366,14.543,78.1954,36.6995,-9.22901,-4.08145,-37.7329
2003-11-20T18:50:12.161Z,-585.376,13.2337,13.7498,78.5608,36.8785,-9.28864,-4.22915,-37.415
2003-11-20T18:51:49.314Z,-581.344,13.2067,8.84609,77.8844,36.1184,-9.60514,-6.02274,-37.1368
2003-11-20T18:53:26.467Z,-583.896,17.5608,10.2563,80.0655,35.4723,-8.02969,-7.22406,-37.8341
2003-11-20T18:55:03.621Z,-588.958,11.0987,6.07944,88.4149,29.8858,-7.08717,-8.22272,-38.1124
2003-11-20T18:56:40.774Z,-590.619,4.98649,3.61264,83.3332,28.9114,-7.21827,-8.36544,-37.733
2003-11-20T18:58:17.927Z,-582.922,1.4185,5.14785,81.1926,29.1043,-8.05801,-8.57836,-35.613
2003-11-20T18:59:55.080Z,-576.332,8.9588,7.86215,70.7382,34.9856,-6.57879,-7.85892,-34.1963
2003-11-20T19:01:32.233Z,-573.099,18.0109,8.07994,88.228,35.5377,-5.22909,-9.05559,-33.8369
2003-11-20T19:03:09.386Z,-576.492,16.0103,8.27681,82.6881,35.9291,-4.28834,-8.09108,-34.4105
2003-11-20T19:04:46.539Z,-581.323,22.7812,4.43473,81.2789,42.6492,-2.76307,-3.65956,-36.0805
2003-11-20T19:06:23.693Z,-590.028,7.90282,4.40768,74.1236,53.2879,-3.42324,-11.4119,-31.6615
2003-11-20T19:08:00.846Z,-591.594,2.89929,16.5545,85.9839,42.1094,-3.99194,-12.5563,-31.732
2003-11-20T19:09:37.999Z,-595.637,-5.27064,19.9956,103.413,40.6341,-4.30656,-10.607,-31.0428
2003-11-20T19:11:15.152Z,-592.104,-8.93901,12.4443,78.0835,47.0805,-3.0902,-7.76233,-30.3531
2003-11-20T19:12:52.305Z,-595.768,-18.2711,2.01381,78.078,57.7824,-0.230986,-3.16658,-29.4099
2003-11-20T19:14:29.458Z,-593.509,-8.8541,0.807256,145.203,60.0408,-1.25484,-5.2683,-29.7035
2003-11-20T19:16:06.612Z,-597.423,-2.65257,-0.701561,92.284,64.2627,-3.538,-9.24339,-28.5154
2003-11-20T19:17:43.765Z,-593.42,-5.73852,3.69176,86.289,67.4187,-4.38264,-8.39682,-26.8493
2003-11-20T19:19:20.918Z,-591.316,-13.4646,8.88115,97.1002,68.0788,-1.52082,-5.11445,-27.1519
2003-11-20T19:20:58.071Z,-596.893,-17.9571,2.01303,95.8984,59.5001,5.57046,-0.945677,-29.387
2003-11-20T19:22:35.224Z,-596.519,-17.5644,-4.40459,85.2386,45.6944,8.07724,0.627084,-29.3186
2003-11-20T19:24:12.377Z,-592.823,-10.2373,3.93544,87.6831,66.5774,-5.88256,-9.11673,-24.2045
2003-11-20T19:25:49.531Z,-590.627,-5.85454,2.17933,120.603,63.3166,-7.64485,-11.6776,-23.6362
2003-11-20T19:27:26.684Z,-590.698,-3.03167,13.547,92.5079,63.1876,-8.13657,-10.0548,-24.8148
2003-11-20T19:29:03.837Z,-598.163,-18.8481,-0.0563771,99999.9,78.7735,1.61656,-6.05761,-26.9484
2003-11-20T19:30:40.990Z,-603.002,-23.1218,3.29594,86.4016,62.1922,-2.37189,-6.86626,-26.873
2003-11-20T19:32:18.143Z,-597.144,-19.2853,5.488,97.9226,68.0918,-3.30149,-7.24506,-26.5144
2003-11-20T19:33:55.296Z,-595.392,-5.43965,9.06876,107.921,73.9383,-2.91124,-8.70321,-26.3092
2003-11-20T19:35:32.449Z,-586.357,-10.5043,5.21038,84.9151,62.5804,-5.43587,-9.98274,-24.0742
2003-11-20T19:37:09.603Z,-583.533,-11.7051,6.49173,83.2237,68.5824,-7.16055,-10.8757,-21.6974
2003-11-20T19:38:46.756Z,-583.626,-15.1904,3.11603,83.3208,68.6506,-4.22814,-5.39455,-28.6766
2003-11-20T19:40:23.909Z,-585.029,-3.77754,8.97262,89.9866,54.1561,-4.38659,-8.37872,-29.9237
2003-11-20T19:42:01.062Z,-588.026,-10.6168,10.0512,88.7287,54.1738,-5.89288,-8.21939,-28.0825
2003-11-20T19:43:38.215Z,-585.921,-4.91415,11.5245,99.9011,47.8613,-6.76335,-9.88256,-28.1921
2003-11-20T19:48:29.675Z,-575.149,0.75887,-8.08436,87.1591,53.9657,-3.6936,-8.12804,-28.572
2003-11-20T19:50:06.828Z,-573.322,9.68596,13.8562,95.4189,50.8937,-5.69021,-9.12249,-27.5896
2003-11-20T19:51:43.981Z,-571.213,2.56251,14.6182,85.5951,53.9391,-6.09469,-9.79951,-27.2147
2003-11-20T19:53:21.134Z,-572.392,5.68138,17.1319,76.9269,49.1827,-6.26369,-10.8808,-27.1997
2003-11-20T19:54:58.287Z,-567.033,4.2508,14.7047,73.1745,51.304,-6.72431,-11.5142,-26.7438
2003-11-20T19:56:35.441Z,-568.027,4.14391,14.4273,74.4814,54.3764,-6.57494,-11.9894,-26.2167
2003-11-20T19:58:12.594Z,-566.379,2.67367,11.2581,74.3181,54.9068,-6.84196,-11.7645,-25.8434
2003-11-20T19:59:49.747Z,-564.906,3.84378,15.3272,76.717,56.8823,-7.4363,-11.8316,-25.3522
2003-11-20T20:01:26.900Z,-561.018,5.76497,16.6478,76.7525,52.1107,-7.89861,-11.3227,-25.5095
2003-11-20T20:03:04.053Z,-558.531,3.96882,20.672,80.526,57.2242,-7.98723,-10.7101,-25.8178
2003-11-20T20:04:41.206Z,-556.049,2.97806,19.1747,81.9463,51.9702,-8.08466,-10.8245,-25.3452
2003-11-20T20:06:18.360Z,-553.828,11.3805,16.6314,81.513,52.3854,-7.86469,-11.3552,-24.5377
2003-11-20T20:07:55.513Z,-555.324,7.06512,17.7023,73.1406,50.7203,-8.12227,-10.6457,-24.1989
2003-11-20T20:09:32.666Z,-551.058,2.31143,19.942,73.1741,48.2692,-7.49983,-10.1419,-23.3352
2003-11-20T20:11:09.819Z,-554.415,3.72173,18.3974,79.6492,47.4882,-7.80934,-10.285,-23.9875
2003-11-20T20:12:46.972Z,-556.069,1.32309,19.982,75.5529,47.6622,-8.44476,-11.0219,-23.313
2003-11-20T20:14:24.125Z,-552.048,2.76216,13.596,83.7913,44.0648,-9.38944,-11.1006,-22.9419
2003-11-20T20:16:01.279Z,-550.921,2.75002,6.53923,77.958,46.2114,-11.0399,-11.4754,-21.4153
2003-11-20T20:17:38.432Z,-553.359,3.33077,8.92763,85.7405,46.0381,-11.3713,-11.4921,-20.7633
2003-11-20T20:19:15.585Z,-554.158,3.7588,9.64904,81.6695,45.5839,-12.3883,-12.3401,-19.98
2003-11-20T20:20:52.738Z,-551.304,4.60193,9.93463,72.1721,41.0464,-7.26036,-11.8097,-22.9163
2003-11-20T20:22:29.891Z,-544.364,15.7488,19.2678,83.7097,40.348,-8.07429,-11.143,-21.8825
2003-11-20T20:24:07.044Z,-542.497,3.06075,12.0013,79.3275,38.3554,-7.90895,-11.2387,-21.5961
2003-11-20T20:25:44.198Z,-536.99,6.99922,10.3584,75.6896,33.8754,-8.64943,-11.6082,-21.1052
2003-11-20T20:27:21.351Z,-530.102,1.72526,8.78746,80.4051,39.4116,-10.4777,-11.7373,-16.9846
2003-11-20T20:28:58.504Z,-537.694,-1.11148,10.963,77.983,34.2401,-10.2173,-12.947,-17.3296
2003-11-20T20:30:32.621Z,-536.804,-3.4773,12.1326,82.5916,33.4763,-9.01156,-12.9587,-18.0109
2003-11-20T20:32:09.774Z,-533.926,4.20922,14.893,80.0949,33.4504,-11.1955,-13.9607,-17.405
2003-11-20T20:33:46.927Z,-535.303,-9.21308,14.865,80.1306,33.5176,-11.4491,-13.2466,-18.1889
2003-11-20T20:35:24.080Z,-532.505,-1.41201,18.3783,81.3773,36.8251,-10.1351,-13.5869,-19.5216
2003-11-20T20:37:01.234Z,-534.36,-8.95266,18.5003,89.9901,37.7469,-7.32368,-13.1884,-21.8452
2003-11-20T20:38:38.387Z,-531.556,-0.523309,24.4017,96.8547,35.2703,-8.64501,-13.6885,-21.0205
2003-11-20T20:40:15.540Z,-530.869,-9.18195,19.6883,91.9419,35.6881,-9.60003,-14.2775,-18.4156
2003-11-20T20:41:52.693Z,-528.775,-6.70394,6.43371,70.7214,46.7252,-7.71557,-13.025,-20.2475
2003-11-20T20:43:29.846Z,-531.924,-12.9185,16.0619,81.4535,42.8041,-8.19213,-12.909,-17.2418
2003-11-20T20:45:07.000Z,-526.42,-18.4122,5.23862,71.7305,53.6211,-8.59,-10.7956,-16.1643
2003-11-20T20:46:44.153Z,-525.183,-24.3224,10.6395,79.6295,45.9878,-8.386,-10.1554,-15.0924
2003-11-20T20:48:21.306Z,-525.984,-23.1554,6.29168,73.1107,54.0826,-8.80627,-9.84584,-14.3775
2003-11-20T20:49:58.459Z,-524.699,-23.9875,3.90511,78.1636,50.8967,-10.0764,-10.4229,-12.9916
2003-11-20T20:51:35.612Z,-526.193,-25.4957,2.80514,76.1544,51.0591,-9.87826,-10.089,-13.4771
2003-11-20T20:53:12.765Z,-524.068,-26.445,-1.48388,72.6556,50.7478,-12.2402,-9.43741,-15.5038
2003-11-20T20:54:49.919Z,-522.57,-21.4361,0.304989,84.2355,42.6053,-11.5252,-9.32421,-15.0127
2003-11-20T20:56:27.072Z,-521.569,-25.4717,-0.806052,75.3902,41.2065,-12.1793,-10.5215,-12.1715
2003-11-20T20:58:04.225Z,-522.808,-26.4822,-0.731538,75.6756,42.7736,-11.6669,-10.5591,-12.424
2003-11-20T20:59:41.378Z,-525.841,-21.9393,-0.103633,82.2608,39.8574,-11.2991,-12.4372,-10.5848
2003-11-20T21:01:18.531Z,-533.754,-20.478,-5.55609,76.8583,42.4338,-10.4241,-12.8245,-12.5783
2003-11-20T21:02:55.684Z,-539.021,-20.6206,-0.386993,77.9553,38.2218,-10.0043,-12.3768,-15.6523
2003-11-20T21:04:32.838Z,-545.286,-14.3849,0.484632,81.142,37.7719,-9.44743,-13.5352,-15.1616
2003-11-20T21:06:09.991Z,-549.665,-14.7263,-1.41397,79.5567,38.2861,-8.57273,-13.4537,-16.4704
2003-11-20T21:07:47.144Z,-551.992,-11.7164,-5.16337,81.5808,38.3379,-8.228,-13.1868,-16.4367
2003-11-20T21:09:24.297Z,-552.567,-10.1097,-8.08984,79.2965,37.9899,-8.38442,-12.9521,-16.2101
2003-11-20T21:11:01.450Z,-553.359,-5.93956,-9.25951,87.4189,43.3706,-8.52217,-13.2951,-13.7981
2003-11-20T21:12:38.604Z,-551.041,-5.85723,-14.5852,74.8937,46.9545,-7.89812,-11.8861,-16.5345
2003-11-20T21:14:15.757Z,-551.691,-7.24656,-13.6542,73.5208,42.3883,-7.93917,-11.7485,-16.7001
2003-11-20T21:15:52.910Z,-549.989,-4.88166,-13.2084,68.1106,43.0387,-7.77162,-11.1854,-17.174
2003-11-20T21:17:30.063Z,-548.877,-3.41484,-12.1331,76.6196,43.6378,-6.87123,-11.0984,-17.3854
2003-11-20T21:19:07.216Z,-543.255,-4.39788,-11.3506,77.1718,49.8809,-6.55626,-11.2278,-16.4992
2003-11-20T21:20:44.369Z,-545.96,-4.62271,-14.7861,68.2289,44.1396,-5.87163,-12.7754,-15.3407
2003-11-20T21:22:21.523Z,-548.679,-3.64425,-14.7974,80.6212,36.8919,-7.39321,-12.6034,-17.4723
2003-11-20T21:23:58.676Z,-549.51,-0.733202,-13.1967,82.3666,39.5137,-7.66457,-11.8679,-16.8984
2003-11-20T21:25:35.829Z,-554.263,-6.11158,-12.0987,82.6444,42.131,-7.08783,-11.6131,-17.8792
2003-11-20T21:27:12.982Z,-557.588,2.70212,-12.158,90.6404,41.3276,-7.17851,-11.2964,-18.7692
2003-11-20T21:28:50.135Z,-556.749,-2.80914,-12.9207,83.3294,41.0937,-7.94957,-10.7986,-18.3308
2003-11-20T21:30:27.289Z,-555.261,-1.99748,-9.29159,71.5299,37.6992,-8.08812,-11.4304,-17.4628
2003-11-20T21:32:04.442Z,-553.772,-6.21632,-6.1183,76.4865,45.6861,-7.62242,-10.7428,-16.7568
2003-11-20T21:33:41.595Z,-556.378,-2.85374,-4.78404,85.748,50.2841,-6.95767,-9.03021,-18.5855
2003-11-20T21:35:18.748Z,-554.922,-4.01495,-6.50893,81.4643,42.6859,-7.15936,-9.36929,-18.3424
2003-11-20T21:36:55.901Z,-552.946,-3.499,-2.22235,84.9965,40.8948,-7.12443,-9.58224,-17.7133
2003-11-20T21:38:33.054Z,-552.821,-3.66695,-0.924622,82.147,37.9952,-6.8271,-9.33592,-18.1173
2003-11-20T21:40:10.208Z,-555.67,-5.14188,-4.50234,82.8979,39.1836,-6.62862,-9.72,-17.2594
2003-11-20T21:41:47.361Z,-552.702,-4.655,-7.68807,74.1785,39.3877,-7.41285,-10.3313,-16.0319
2003-11-20T21:43:24.514Z,-549.738,4.24063,-11.997,86.9335,40.3403,-7.43782,-10.8836,-15.6015
2003-11-20T21:45:01.667Z,-547.599,-1.17465,-11.0019,83.7074,38.392,-7.04086,-10.5053,-16.1227
2003-11-20T21:46:38.820Z,-546.883,-0.168023,-11.7224,80.1362,38.7199,-7.1073,-10.7006,-15.3926
2003-11-20T21:48:15.974Z,-548.186,2.75072,-13.103,89.8804,34.6689,-7.19236,-11.3893,-15.2374
2003-11-20T21:49:53.127Z,-551.654,-1.55984,-11.381,85.8202,37.7592,-6.86662,-10.234,-17.2415
2003-11-20T21:51:30.280Z,-556.404,-1.03582,-9.88469,87.5222,38.8049,-6.05837,-10.0664,-18.3565
2003-11-20T21:53:07.433Z,-560.9,-4.5832,-7.78481,86.4957,30.5491,-6.38539,-12.3222,-17.4261
2003-11-20T21:54:44.586Z,-565.106,0.123012,-4.60708,92.6971,29.8213,-6.84685,-11.6541,-18.3575
2003-11-20T21:56:21.739Z,-565.38,1.60375,-8.74619,83.5061,30.0366,-4.72269,-12.509,-18.5102
2003-11-20T21:57:58.893Z,-559.172,-4.05287,-11.2659,75.419,29.6536,-5.18643,-11.169,-18.0003
2003-11-20T21:59:36.046Z,-560.064,5.76752,-12.7235,94.6751,33.7102,-5.55777,-11.0819,-18.4404
2003-11-20T22:01:13.199Z,-563.582,2.81449,-13.2131,78.6322,33.4182,-5.81947,-11.3224,-18.6571
2003-11-20T22:02:50.352Z,-557.928,4.89009,-19.3451,80.9522,37.4653,-3.98145,-9.00567,-19.4644
2003-11-20T22:04:27.505Z,-552.607,7.4162,-18.8916,84.7152,34.4441,-4.6487,-9.00357,-18.576
2003-11-20T22:06:04.659Z,-553.594,14.2597,-15.0117,62.101,32.1266,-4.42065,-8.93336,-19.4121
2003-11-20T22:07:41.812Z,-554.255,6.90406,-10.0435,79.0024,32.708,-3.13053,-8.1648,-20.5726
2003-11-20T22:09:18.965Z,-548.8,9.73906,-18.9201,79.4085,32.5578,-4.59686,-9.57572,-19.2409
2003-11-20T22:10:56.118Z,-546.094,7.77839,-19.539,80.1433,34.5087,-6.42844,-10.7537,-18.0133
2003-11-20T22:12:33.271Z,-556.139,10.0837,-23.3508,76.7325,28.219,-5.51127,-12.4105,-19.9648
2003-11-20T22:14:10.424Z,-562.399,4.19887,-17.3421,80.4328,31.2933,-4.88309,-12.6896,-19.2086
2003-11-20T22:15:47.578Z,-558.691,16.2685,-24.4224,97.3254,29.2164,-4.57576,-12.3786,-19.8672
2003-11-20T22:17:24.731Z,-559.92,9.77087,-17.9562,83.3134,27.4646,-4.34054,-12.0968,-19.7794
2003-11-20T22:19:01.884Z,-556.543,7.43335,-19.4703,77.2877,26.9019,-4.65411,-11.6813,-18.9656
2003-11-20T22:20:39.037Z,-560.422,0.750628,-28.3267,70.7095,36.5789,-4.67525,-11.4293,-15.9807
2003-11-20T22:22:16.190Z,-554.467,9.75292,-23.1747,73.9384,45.7006,-4.73428,-11.0709,-15.4464
2003-11-20T22:23:53.343Z,-551.112,7.3531,-21.6664,63.451,37.32,-5.45528,-12.1697,-14.8658
2003-11-20T22:25:30.497Z,-549.742,3.71447,-27.81,75.2497,32.799,-5.76461,-12.2259,-14.875
2003-11-20T22:27:04.614Z,-550.408,0.646189,-26.5628,72.4326,31.678,-5.42026,-12.1807,-15.1739
2003-11-20T22:28:41.767Z,-547.17,0.105605,-25.0662,78.4121,30.2673,-6.29,-12.1227,-14.9588
2003-11-20T22:30:18.920Z,-545.953,0.899688,-24.7047,72.975,31.4997,-6.56069,-12.4846,-14.7031
2003-11-20T22:31:56.073Z,-543.465,10.1477,-28.947,84.496,32.2616,-7.0502,-12.7543,-15.3306
2003-11-20T22:33:33.227Z,-545.942,2.52067,-21.9275,81.3694,31.3135,-5.43249,-12.2764,-17.1722
2003-11-20T22:35:10.380Z,-545.273,1.98804,-19.1323,68.3016,29.9447,-5.42109,-12.7085,-17.3359
2003-11-20T22:36:47.533Z,-550.321,2.97519,-17.5537,69.2067,28.2634,-6.63655,-12.8854,-16.8343
2003-11-20T22:38:24.686Z,-548.534,-1.11533,-21.0466,81.4109,28.4118,-7.91986,-13.8397,-15.637
2003-11-20T22:40:01.839Z,-541.554,-3.08791,-20.2332,65.599,36.3614,-6.73335,-11.8457,-16.2715
2003-11-20T22:41:38.992Z,-546.464,5.48246,-4.03405,73.6215,31.0383,-6.82563,-10.909,-17.8495
2003-11-20T22:43:16.146Z,-543.403,11.8069,-13.3955,78.5105,30.3673,-6.3612,-7.4217,-20.9816
2003-11-20T22:44:53.299Z,-543.32,10.8215,-10.6486,75.4001,28.6884,-6.22157,-7.86416,-21.0893
2003-11-20T22:46:30.452Z,-541.459,7.4465,-11.8315,73.8236,28.764,-6.5797,-8.61541,-20.0433
2003-11-20T22:48:07.605Z,-534.013,13.2663,-13.7246,74.5762,27.4557,-6.93513,-8.98366,-19.0849
2003-11-20T22:49:44.758Z,-536.274,7.39743,-12.2883,69.7306,28.3523,-6.95299,-9.61624,-18.6353
2003-11-20T22:51:21.912Z,-538.453,10.5777,-13.7702,74.4062,24.1467,-6.74963,-10.9877,-17.2478
2003-11-20T22:52:59.065Z,-540.784,9.29603,-1.86133,73.406,22.583,-6.77759,-10.8973,-17.7216
2003-11-20T22:54:36.218Z,-541.167,8.59015,-5.15326,73.8176,22.2874,-5.35042,-10.4059,-17.5309
2003-11-20T22:56:13.371Z,-544.848,1.93804,3.78255,73.6757,20.3502,-4.1484,-9.4751,-17.7872
2003-11-20T22:57:50.524Z,-561.443,-10.668,20.2123,88.4838,19.21,-2.37138,-6.95474,-20.4667
2003-11-20T22:59:27.678Z,-552.269,-36.87,30.1495,86.0444,15.8609,-5.36502,-3.81012,-21.3446
2003-11-20T23:01:04.831Z,-532.826,-39.4384,27.7904,82.7664,16.833,-6.72857,-2.32805,-20.4434
2003-11-20T23:02:41.984Z,-505.397,-41.2759,24.3052,80.5156,13.5507,-9.10811,-4.57478,-17.3762
2003-11-20T23:04:19.137Z,-505.51,-11.3593,-0.975542,75.0085,20.6997,-9.47917,-7.58931,-15.7349
2003-11-20T23:05:56.290Z,-507.416,3.64213,-10.9255,69.868,21.3185,-9.98684,-11.6983,-11.6847
2003-11-20T23:07:33.444Z,-507.073,-6.23232,10.648,85.0431,17.0883,-9.99347,-11.7286,-14.4233
2003-11-20T23:09:10.597Z,-520.185,-14.9596,21.0383,79.1326,12.7567,-9.06414,-11.0007,-14.058
2003-11-20T23:10:47.750Z,-526.865,13.307,6.76169,71.8699,15.634,-7.33738,-13.9173,-12.2394
2003-11-20T23:12:24.903Z,-526.808,7.94653,1.05579,65.119,15.7199,-6.48986,-13.1847,-13.2176
2003-11-20T23:14:02.056Z,-531.318,8.66098,2.15366,78.3216,17.5335,-5.70378,-13.1106,-14.583
2003-11-20T23:15:39.209Z,-532.275,-4.14786,5.01031,68.0227,16.6899,-5.165,-13.279,-15.6389
2003-11-20T23:17:16.363Z,-526.954,-9.86242,5.39132,70.845,15.6428,-6.14994,-12.4159,-15.5294
2003-11-20T23:18:53.516Z,-527.128,2.75979,1.76138,73.3244,17.016,-5.78782,-13.6472,-13.914
2003-11-20T23:20:30.669Z,-525.025,2.20645,2.27455,79.8664,16.2159,-6.99874,-13.6993,-13.4337
2003-11-20T23:22:07.822Z,-532.931,-2.47119,-3.05499,65.2327,16.2079,-5.10412,-13.7326,-13.8398
2003-11-20T23:23:44.975Z,-527.95,-6.18087,0.288383,68.2456,14.6932,-5.93561,-13.0255,-13.7549
2003-11-20T23:25:22.129Z,-529.448,-7.82183,2.17445,70.4425,13.9892,-5.89262,-13.0406,-13.3249
2003-11-20T23:26:59.282Z,-526.121,-5.67232,-1.79053,64.2961,14.7591,-6.15526,-12.8916,-12.5754
2003-11-20T23:28:36.435Z,-520.172,-1.84065,-1.62864,69.7978,15.2685,-6.49691,-13.2348,-11.312
2003-11-20T23:30:13.588Z,-523.901,-1.58627,-2.13211,64.1859,16.3989,-6.49849,-13.649,-11.4751
2003-11-20T23:31:50.741Z,-520.861,-2.83261,-4.49476,65.1241,15.9677,-6.5341,-13.6798,-12.3505
2003-11-20T23:33:27.894Z,-524.567,1.369,-8.56665,71.3409,14.9136,-6.70811,-14.7229,-11.5209
2003-11-20T23:35:05.048Z,-520.76,-2.5234,-5.50305,68.3107,14.9002,-6.06014,-14.6647,-12.5892
2003-11-20T23:36:42.201Z,-520.159,2.30416,-0.395552,81.9235,14.8855,-6.66503,-14.9547,-12.4792
2003-11-20T23:38:19.354Z,-516.315,-3.92436,-3.22722,67.5682,13.0047,-7.43499,-14.6019,-12.9818
2003-11-20T23:39:56.507Z,-523.059,-2.18556,-2.74998,76.143,11.3785,-7.05767,-15.4156,-12.0941
2003-11-20T23:41:33.660Z,-533.753,10.5382,-13.3682,63.6431,12.8902,-5.13264,-17.0333,-10.8407
2003-11-20T23:43:10.814Z,-531.503,6.49645,-14.0518,59.9752,12.7767,-5.66242,-16.6417,-10.6991
2003-11-20T23:44:47.967Z,-524.238,5.64197,-9.72769,69.3482,13.0671,-5.81032,-16.5087,-10.5687
2003-11-20T23:46:25.120Z,-536.891,13.5998,-13.9037,62.655,13.522,-3.71619,-16.8366,-10.4653
2003-11-20T23:48:02.273Z,-574.362,16.7422,-9.33461,39.3185,11.7768,-0.663176,-17.4077,-10.0487
2003-11-20T23:49:39.426Z,-550.853,13.8411,-11.2206,53.9594,14.5595,-2.45241,-15.7263,-10.9914
2003-11-20T23:51:16.580Z,-538.598,4.18577,-4.2124,45.6254,14.0529,-2.60935,-15.2076,-11.4019
2003-11-20T23:56:08.039Z,-541.429,8.44821,-6.35503,55.4226,15.6602,-2.58392,-15.1826,-11.3451
2003-11-20T23:57:45.192Z,-543.663,8.41431,-8.3446,65.1575,14.2996,-2.50239,-15.27,-11.1606
2003-11-20T23:59:22.346Z,-544.103,5.82109,-6.88709,66.6537,16.3392,-2.15071,-15.1484,-11.0206
